cuit;nombre;apellido;edad;nacionalidad;genero
97199690286;Stacy;Thomas;67;Uruguay;o
94663443665;Thomas;King;53;British Indian Ocean Territory (Chagos Archipelago);m
33164098092;Kaitlyn;Thompson;42;Cook Islands;f
42444646042;Gabriel;Bonilla;47;Montenegro;m
56877273532;Brian;Matthews;60;Greece;o
10969349858;Sean;Ayala;55;American Samoa;o
14097361558;Tiffany;Ramirez;18;Dominican Republic;m
64428845569;Michelle;Vazquez;57;Bolivia;f
41419478562;Austin;Ray;60;Cyprus;m
46878448705;Peter;Williams;21;Cuba;o
11302578942;Michael;Valentine;50;Pitcairn Islands;f
15844031733;Jacob;Perry;50;Mayotte;f
10827532525;Christopher;Merritt;46;Nigeria;f
20884443347;Amanda;Schmidt;55;Tuvalu;o
70465720906;Michelle;Rice;24;Djibouti;m
43045060373;Brooke;Strickland;56;Germany;f
25516251249;Jackie;King;47;South Georgia and the South Sandwich Islands;m
84894914650;Matthew;Ball;25;Yemen;m
29053664959;Hector;Rogers;62;New Caledonia;f
79698433805;John;Walker;80;Russian Federation;f
93664849860;Wesley;Kelley;49;Tajikistan;f
38398120396;Angela;Sharp;59;Jordan;f
67695472232;Edward;Singleton;38;Lithuania;m
94506361362;Thomas;Morgan;66;Saint Vincent and the Grenadines;m
42405388994;William;Cunningham;22;Israel;m
54456830016;Christine;Perry;53;Reunion;f
28870949567;William;Fox;30;Palau;m
86352630553;James;Jordan;63;Seychelles;o
99063772293;Mary;York;64;Azerbaijan;f
46862961457;Kevin;Yoder;42;San Marino;o
72300458464;Autumn;Martin;25;Falkland Islands (Malvinas);f
36902877008;Todd;Powell;63;Chile;o
22111102490;Brandon;Garrett;77;Mongolia;o
65052468038;Joseph;Webb;39;American Samoa;o
34378461939;Ashlee;Hammond;25;Antarctica (the territory South of 60 deg S);o
85481786443;John;Carpenter;64;Yemen;o
69227799941;Peggy;Bailey;51;Isle of Man;f
85728104149;Wesley;Stafford;40;Switzerland;f
41159017226;Aaron;Fuller;20;Ireland;f
13794449389;Michele;Rojas;39;Zimbabwe;o
50630420337;Lisa;Kelley;56;France;m
27445074884;Barbara;Burke;26;Sudan;m
71572886671;Pamela;Daniels;21;Russian Federation;o
64109411748;Terri;Banks;45;Argentina;f
72768461545;Kelsey;Lucas;77;Martinique;f
15599953341;Kelly;May;50;Central African Republic;o
88478118431;Nicole;Potter;80;Germany;f
95510404240;Charles;Rodriguez;49;Kazakhstan;f
87670430039;Patrick;Barton;26;Latvia;m
88602929701;James;Walker;59;Samoa;f
11565563628;Joseph;Sanchez;67;Saint Martin;o
91234933544;Steven;Clay;55;Bangladesh;o
49077605360;William;Hoffman;67;Vietnam;o
73884925721;Daniel;Mcintosh;27;Belize;f
49759479223;Pamela;Allen;30;Botswana;m
78122686488;Kim;Hendrix;48;Indonesia;o
66145530658;Lacey;Ayala;75;Guinea-Bissau;o
44633319974;Alyssa;Collins;79;Somalia;f
66577788269;Douglas;Rosales;75;Netherlands;m
67861570442;Amy;Marshall;41;Nepal;f
70485946001;Tyler;Bell;40;Anguilla;m
32123272715;Valerie;Williams;18;Morocco;f
24590332384;Fred;Petty;26;Panama;f
23724895734;James;Clayton;18;Faroe Islands;o
15399042009;Timothy;Hernandez;61;Costa Rica;f
30340218999;Alexander;Johnson;22;Kyrgyz Republic;f
92569153171;Julia;Bennett;40;Swaziland;m
14202713804;Laura;Vasquez;64;Ukraine;f
68327914035;Sandy;Nguyen;79;French Southern Territories;o
68823331754;Ann;Walker;56;Montserrat;m
43903416655;Jeremy;Welch;79;Sierra Leone;o
24948550464;Thomas;Strickland;32;Brunei Darussalam;m
11703132419;David;Cox;18;Sao Tome and Principe;m
49861853984;Lori;Castillo;61;Guinea-Bissau;f
67986472960;Mary;Jones;61;Myanmar;f
51661544402;Jonathan;Monroe;48;Yemen;o
59523168403;Molly;Ferguson;68;British Virgin Islands;f
81069371516;Richard;Rodriguez;46;Niger;f
25914448460;Samantha;Lyons;42;Liechtenstein;m
82589664334;Robert;Lam;58;Zambia;o
14705726695;Christopher;Kim;52;Tuvalu;o
60851606742;Dana;Gomez;20;New Zealand;o
19593735589;Patricia;Hernandez;55;Eritrea;m
10361022566;Michael;Ross;64;Guernsey;m
38172281382;Russell;Martin;73;Sierra Leone;o
51155034710;Walter;Sanders;21;Greenland;o
57974492183;Victoria;Powell;31;Bahrain;m
35935657091;Peter;Haynes;46;Australia;f
76066053405;Christina;Singh;58;United States Minor Outlying Islands;o
78674524964;Anthony;Graham;32;Netherlands;f
39727696983;Brent;Crawford;51;Cape Verde;f
20785420457;Christine;Hayes;80;Lebanon;o
41619402737;Jessica;Medina;51;Northern Mariana Islands;f
11686514000;Emily;Daugherty;35;Tonga;o
55984086723;William;Pena;52;Equatorial Guinea;m
24635160730;Jonathan;Miller;42;Poland;f
81503830290;Elizabeth;Estrada;19;Guinea;f
79044275967;Michael;Arias;26;Ghana;f
47016019624;Brandon;Mejia;46;Mongolia;f
76287863339;Antonio;Thomas;45;Suriname;o
22535003072;Denise;Cooper;61;Pitcairn Islands;f
57154101629;Tiffany;Lee;58;Solomon Islands;m
17774958634;Natasha;Gonzales;72;Morocco;m
45771041683;Stacy;Hendricks;18;Zambia;m
40473872841;Corey;Rowe;42;Saint Lucia;o
49647280848;Heather;Farmer;67;Mongolia;m
24042963056;Jennifer;Nguyen;55;Pitcairn Islands;o
13656173429;John;Garcia;25;Chad;f
75899611629;Anne;Webb;29;Ghana;m
17006687371;Jacob;Boyer;43;Romania;f
58067159113;Lucas;Myers;56;Benin;o
19307538087;Erica;Gray;80;Turks and Caicos Islands;m
79022954052;Spencer;Anderson;27;Estonia;f
92397638722;Miranda;Alvarado;44;Faroe Islands;o
84502450777;Timothy;Garner;23;Namibia;o
71536259582;Ryan;Smith;29;Bangladesh;f
99198727179;Gregory;Johnson;38;Syrian Arab Republic;o
13883479535;William;Baker;46;Costa Rica;o
59745736639;Teresa;Hebert;76;Greece;o
16339493479;Douglas;Mathews;69;Japan;m
88515243360;Kevin;Ramos;71;Oman;o
84476907366;Stephen;Robertson;33;Angola;o
46542900687;Justin;Thomas;50;Haiti;o
12976655002;Kimberly;Turner;69;Fiji;o
61798483951;David;Blackwell;23;Myanmar;m
97608661667;Lauren;Whitehead;27;Pitcairn Islands;o
88395715553;Patricia;Ball;67;Bangladesh;m
38778679316;Roberta;Jones;27;Guinea-Bissau;o
64201570443;Sarah;Downs;66;British Virgin Islands;o
12864109414;Michael;Phillips;52;Guinea;o
49348367072;Zachary;Garcia;19;Qatar;m
49751907355;Betty;Nunez;32;Barbados;m
70499011043;Mary;Oliver;49;Uruguay;f
99499370820;Curtis;Bennett;62;Zimbabwe;m
28636531543;Tiffany;Matthews;72;Falkland Islands (Malvinas);o
98438096111;Shirley;Thompson;52;Nepal;f
34934556143;Richard;King;64;Belarus;m
34599456846;Brandon;Peters;66;Sri Lanka;m
55490290342;Kristina;Hernandez;53;Colombia;o
52560326206;Melissa;Curtis;77;Iceland;m
21374212557;Carrie;Henderson;40;Czech Republic;f
48661789686;Michael;Brown;44;Georgia;o
28061792738;Matthew;Leonard;57;Denmark;m
60366815946;Elizabeth;Moore;75;India;f
95085716424;Tara;Calhoun;18;Cameroon;f
75143300612;Rebecca;Cook;68;Norway;o
30641046721;Travis;Cohen;50;Czech Republic;o
89286954181;Paula;Gonzales;28;Cyprus;m
54205405073;John;Berry;33;Costa Rica;m
85884757536;Brandon;Brown;65;Lebanon;o
45685741054;Karen;Atkins;58;Cuba;o
68371152657;Paul;Khan;34;Costa Rica;f
68389128485;Andrea;Davenport;53;Reunion;o
58658813733;Shannon;Adams;75;Reunion;o
39698737843;Michele;Spencer;50;Gibraltar;m
75273018522;Kimberly;Mckinney;73;Cocos (Keeling) Islands;o
58773718428;Shawn;Terry;33;Sweden;o
84894400627;Brian;Torres;19;Palestinian Territory;f
26909752151;Kathryn;Jackson;31;Antigua and Barbuda;m
56864151022;Kevin;Romero;74;Myanmar;o
63343152882;Sara;Gomez;37;Haiti;o
14749806036;Walter;Mclaughlin;28;Spain;f
47525496979;Brandy;Vargas;39;Mozambique;o
55214526020;Joshua;Rodriguez;45;Australia;f
69110320464;Lee;Goodwin;77;Senegal;f
27415276614;Christina;Beck;43;Jamaica;f
86059052651;Jonathan;Jenkins;28;Timor-Leste;o
54745737747;Bryan;Vasquez;59;Nepal;o
73940426972;Sean;Campos;76;Yemen;f
26130352983;Anthony;Hickman;33;Saint Kitts and Nevis;f
60521619227;Brenda;Riley;53;Mexico;f
57858350623;Larry;Anderson;78;Austria;m
43819628128;Colton;Adkins;37;Niue;m
16095589114;Nathan;Davis;80;Zambia;o
66660976153;Jennifer;Lambert;60;Turks and Caicos Islands;f
72867809444;John;Allen;68;Denmark;f
99326067824;Mary;Burns;44;Hungary;f
34777767695;Kristen;Cabrera;60;Uzbekistan;o
83464186676;Patricia;Jenkins;78;France;f
16496389168;Aaron;Parker;52;Bouvet Island (Bouvetoya);f
96577848417;Brent;Bailey;57;Peru;o
83296798731;Kristin;Gonzales;31;Mayotte;o
65276101098;Greg;Espinoza;69;Albania;m
84637350664;Renee;Castaneda;57;Honduras;o
40561919307;Veronica;Johnson;74;Ghana;f
81087120592;Jennifer;Jones;61;Botswana;f
69884786867;Matthew;Delacruz;50;Costa Rica;m
34593017470;Jeffery;Welch;60;Norway;f
27862808943;Kimberly;Bowen;56;Japan;m
64524308857;Carolyn;Cole;48;Nicaragua;m
75582618559;Brianna;Wilson;62;Bermuda;m
67098896280;Patrick;Barker;78;Maldives;m
87867399093;Rebekah;Nichols;56;Iraq;m
48938798172;Jeremy;Anderson;68;French Polynesia;o
37303392823;Kevin;Alexander;78;Czech Republic;o
63738832333;Alexis;Jones;53;China;m
75192141150;Evan;Harris;48;Malawi;o
17342075414;Emily;Vaughn;59;Croatia;f
67291428432;Taylor;Smith;48;Netherlands Antilles;m
32830713845;James;Woods;77;Latvia;m
18542500591;Tara;Hubbard;29;Turks and Caicos Islands;f
30561306449;Kelly;Waller;25;Cyprus;f
67606747198;Scott;Simpson;31;Vanuatu;f
37420091001;Kathy;Terry;73;Ethiopia;m
47914442115;Elizabeth;Estes;37;Palestinian Territory;o
53986024471;Juan;Parker;68;Pakistan;o
48304252059;Cathy;Taylor;62;Spain;o
75584152262;Jeremy;Rodriguez;47;Switzerland;o
23778404276;Michaela;Odom;53;Ghana;f
37273238711;Andrew;Daugherty;22;Croatia;m
27413375919;Daniel;Brown;30;Timor-Leste;f
70702095624;Elizabeth;Dudley;36;Namibia;o
73223863292;Thomas;Carey;51;United States of America;m
32659789134;William;Lynn;34;Guinea-Bissau;m
44257736341;Lance;Greene;27;Turks and Caicos Islands;m
16230514952;Leslie;Nelson;64;Djibouti;m
96462507734;Kelsey;Sutton;75;Papua New Guinea;m
31108871555;Sherry;Clark;47;Kyrgyz Republic;f
66230232620;Monique;Austin;52;Japan;f
71615973866;David;Peterson;40;Niger;o
20702013502;Evelyn;Bowman;80;Suriname;m
45667928361;Michelle;Baker;18;Djibouti;m
53826095829;Daniel;Hess;61;Rwanda;f
28952673221;Paige;Ramirez;23;Mongolia;f
97474787548;Steven;Bradford;73;Cyprus;m
14260320258;Dave;Johnson;47;Rwanda;m
44934583560;Joseph;Ross;24;China;o
79160386634;Keith;White;45;Uganda;f
37379978391;Alexander;Kelly;35;Congo;o
99365216133;Karen;Perez;69;Svalbard & Jan Mayen Islands;f
44600301285;Matthew;Hudson;45;Angola;o
85227173761;Marisa;Lopez;24;Sweden;m
77688957737;William;Mooney;20;Saint Helena;o
51373934224;Karen;Brown;64;Somalia;f
66518407766;Michael;Orr;24;Poland;o
59265884835;Sara;Alexander;76;Andorra;o
27042262606;Courtney;Blackburn;75;Indonesia;o
52455811519;Wesley;Vargas;50;Bangladesh;f
49670787545;James;Murray;50;Sri Lanka;o
27472670364;Ronald;Morgan;75;Guinea-Bissau;o
47915367551;Amanda;Collins;22;Congo;f
96677978471;Anthony;Russell;47;Norfolk Island;m
88522189906;Joel;Garcia;23;Algeria;f
71280521306;Yvette;Walker;22;South Africa;o
78025072452;Gabrielle;Young;27;Italy;f
94703681427;Monica;Stokes;52;Barbados;o
13620411127;Jordan;Collins;78;Belarus;m
35938453503;Chelsea;Oliver;52;Kazakhstan;f
43502036877;Janice;Martinez;60;Sierra Leone;f
91360666865;Katherine;Hill;22;Mali;m
52077064160;Annette;Mcconnell;32;Moldova;o
63933999660;Brandon;Love;79;Philippines;m
56932227737;David;Chen;48;Turkey;f
57575283944;Matthew;Sampson;74;Georgia;f
56837295828;Andrea;Mitchell;74;Faroe Islands;o
68803963601;Andrew;Tyler;62;Grenada;f
65656174139;Jillian;Shelton;34;French Southern Territories;o
45927285011;Jerry;Robinson;45;Philippines;f
27187030170;Jessica;Chung;32;Fiji;f
51236889402;Robert;Johnson;49;Montenegro;f
94166643798;Eric;Sexton;69;Saint Kitts and Nevis;o
92091784237;Jasmine;Wilson;25;Libyan Arab Jamahiriya;o
40370580860;Michael;Mcintyre;22;Serbia;f
15501476175;Brendan;Gutierrez;38;Mexico;o
25598940718;Amy;Cervantes;21;Western Sahara;f
86418583041;Brent;Brown;33;Samoa;m
63373988181;Lori;Beck;58;Solomon Islands;f
12744283087;Michelle;Cruz;62;Poland;o
60503491422;Zachary;Moore;26;Indonesia;o
97083208994;William;Swanson;42;Albania;f
98352563445;John;Morrison;69;Iraq;o
42775198108;Brett;Buck;53;Northern Mariana Islands;f
65491890866;Theresa;Armstrong;62;Egypt;o
22612748290;Gary;Jones;42;Equatorial Guinea;f
14652889931;Oscar;Dunn;28;Burkina Faso;f
15904029681;Patricia;Mccullough;72;Burkina Faso;m
79178189594;Sara;Oconnell;28;Algeria;f
55347735683;Ashley;Alvarez;50;Bhutan;f
79132190221;Clifford;Leblanc;58;Serbia;m
17990270455;William;Baker;58;Guatemala;o
21371991363;John;Rubio;36;Cayman Islands;o
17753398525;Alexander;Goodwin;28;Comoros;f
79931226718;Samantha;Williamson;62;Mongolia;m
77204271984;Molly;Trevino;77;Myanmar;m
58286373492;Christine;Brown;77;Senegal;m
95552382000;Christopher;Dean;69;San Marino;f
89794408152;John;Welch;59;Peru;m
77990079757;Teresa;Rodriguez;78;Mauritius;o
78604667797;Jeremiah;Young;59;Uzbekistan;o
93634582351;Keith;Ward;34;Uzbekistan;f
33356063137;Kevin;Conley;31;Samoa;o
55212381969;Isabel;Rush;23;El Salvador;f
65085696401;Timothy;Wilson;47;Saudi Arabia;m
23296955272;Zachary;Crawford;75;Guernsey;m
32249978054;Ashley;Smith;21;Barbados;f
21554488849;Nicole;Kelley;52;Mauritania;f
75978762205;Rhonda;Howell;28;Azerbaijan;f
77881203205;Troy;Delacruz;48;Canada;f
39400882010;Kathleen;Hansen;37;Vanuatu;m
48635603219;Maria;Murphy;33;Azerbaijan;f
36562466575;Laura;Cooper;27;Czech Republic;m
77208208128;Lee;Brooks;77;Macao;f
36425380151;Charles;Jones;79;Costa Rica;o
85523162814;Christopher;Ritter;27;Cayman Islands;m
41181856484;Cody;Larson;47;Ecuador;o
97294867235;Amanda;Owens;52;Saint Lucia;f
14554558389;Kristin;Jones;18;Bermuda;f
97947979795;Amber;Ramirez;47;Australia;o
13671790519;Tracy;Rios;19;Poland;f
14587602965;Diana;Henson;50;Bosnia and Herzegovina;o
47067233201;Vincent;Berry;47;Puerto Rico;f
26512351553;Pamela;Walker;78;Venezuela;m
47132658489;Amanda;Ramirez;75;United Arab Emirates;o
84883891990;Lisa;Davenport;23;Aruba;o
60727633711;Margaret;Jenkins;79;Kyrgyz Republic;m
25504494527;Matthew;Dorsey;19;Paraguay;f
28373443817;Don;Pearson;18;Georgia;m
51032248867;Jacqueline;Bennett;47;Sweden;o
38544797100;Lisa;Taylor;74;Algeria;f
38230878411;Jonathan;Gray;21;Congo;m
78067686085;Shelley;Smith;64;Antigua and Barbuda;m
86721364292;Oscar;Wallace;22;United States of America;f
77778833802;Wesley;Washington;32;Spain;m
82780847513;Sonia;Fry;27;Thailand;f
64481692836;Matthew;Brown;33;Gibraltar;m
24240044660;John;Hansen;61;Pakistan;f
31639373994;Kelly;Salazar;25;Algeria;o
72887358324;Meagan;Hanson;75;Slovakia (Slovak Republic);f
42861750437;Ryan;Lopez;37;Zimbabwe;f
96665122835;Brandon;Burnett;18;Albania;o
97341338586;Brandon;Scott;44;French Guiana;m
88558156636;James;Willis;72;Iraq;o
55030888918;Mary;Gordon;57;Luxembourg;o
64609114520;Riley;Moses;34;Antigua and Barbuda;f
22791726707;Kurt;White;57;Afghanistan;m
83784247886;Cheryl;Khan;78;Namibia;m
83438629774;David;Houston;26;Korea;o
24957374537;Monique;Patton;22;Rwanda;m
87661510130;Victoria;Hart;51;Nepal;m
73358350892;Frank;Baker;63;Mali;m
62177485136;Michael;Allen;42;Niger;o
67980201687;Cheryl;Parrish;49;Palestinian Territory;f
26198751648;Dave;Velazquez;56;Norway;m
57282633750;Ashley;Richardson;35;Mauritania;m
21692040000;Jason;Davis;43;Martinique;o
91316776418;Sarah;Williams;71;Mauritania;f
91134756049;John;Morgan;55;Antarctica (the territory South of 60 deg S);f
63439039577;Kenneth;May;77;Nigeria;o
63962361638;Benjamin;Ho;43;British Virgin Islands;f
94401611427;Jonathan;Lewis;56;Brunei Darussalam;o
50976970700;Helen;Molina;73;Cayman Islands;o
66028692866;Chris;Henson;62;Romania;m
10401290040;Jacob;Campos;20;Mongolia;m
53894066425;Justin;Miller;26;North Macedonia;m
59163051126;Michael;Navarro;63;Samoa;m
47598031256;Alec;Curtis;57;Lao People's Democratic Republic;f
68813785618;Stephen;Ellis;19;Serbia;m
39206880020;Brian;Preston;56;New Zealand;f
82179813778;John;Oconnor;61;Liberia;o
17474722280;Donna;Martinez;63;Cook Islands;o
94079744188;Chad;Dominguez;58;Malaysia;f
88940452831;Brian;Carter;35;Tokelau;o
80653589131;Daniel;Parker;53;North Macedonia;f
39612967751;Jason;Stephens;58;Antigua and Barbuda;m
39022094395;Alison;Underwood;79;British Indian Ocean Territory (Chagos Archipelago);f
85644115722;Ariel;Walker;79;Peru;o
59344187677;Vanessa;White;21;Taiwan;m
54164740186;Kristen;Daniels;40;Mali;f
93730424624;Emily;Blankenship;46;Northern Mariana Islands;f
69371022186;Timothy;Garcia;26;Svalbard & Jan Mayen Islands;m
81260003359;Brian;Williamson;40;Guernsey;m
67748725854;Kevin;Greer;69;Bosnia and Herzegovina;f
82529716780;Luis;Blevins;68;Moldova;m
79181109968;Michael;Waller;31;Iran;o
94092656467;Joyce;Deleon;25;Fiji;m
17645562566;John;Cooper;26;Korea;o
17816204488;Ralph;Lawson;71;Denmark;m
26883834273;Jonathan;Johnson;20;Taiwan;o
93764934738;Patty;Walker;80;United Arab Emirates;m
93060881212;Regina;Henderson;39;Puerto Rico;m
85441398103;Austin;Rhodes;67;Vietnam;f
90759357069;Darryl;Cole;43;Swaziland;f
44444070411;Yvonne;Hall;67;Antarctica (the territory South of 60 deg S);o
58445067731;Randy;Yates;46;Solomon Islands;f
66730921357;James;Kim;54;Pitcairn Islands;o
22712382526;Joseph;Garcia;73;Switzerland;o
58571737623;Brenda;Rogers;62;Thailand;m
78355099861;Regina;Cordova;55;Pakistan;f
61097728352;Christopher;Durham;53;Azerbaijan;f
32417035995;Pamela;Jones;74;Cote d'Ivoire;f
19668422485;Cheryl;Morris;42;Netherlands Antilles;m
56565550734;Wayne;Rios;50;United Arab Emirates;m
10474313071;Deborah;Vaughn;79;American Samoa;f
44945624218;David;Morrow;29;Philippines;f
41461038342;Andre;Martin;47;Norway;f
67811760864;Pamela;Jefferson;62;Saint Pierre and Miquelon;m
66825528324;Jeremy;Russell;46;Congo;m
51542697952;Daniel;Douglas;52;Isle of Man;o
71601281138;Brian;Hicks;42;Moldova;o
88606857060;Kara;Potts;76;Tonga;m
73014179057;Jason;Dean;34;Falkland Islands (Malvinas);f
67179902024;Katelyn;Morris;32;Austria;f
12728959336;Thomas;Gonzalez;50;Pitcairn Islands;f
68500817698;Hannah;Alexander;70;Sierra Leone;f
37474809167;Paul;Evans;72;Sudan;f
14369867207;Heather;Hartman;34;Antarctica (the territory South of 60 deg S);f
27383948841;Tracy;Hayes;75;Germany;m
92199180879;Jason;Clark;79;Algeria;m
45269702844;Steven;Shepard;25;Burkina Faso;m
19984673093;Charles;Flores;43;Saint Kitts and Nevis;m
44792397158;Gary;Ramirez;55;United States Virgin Islands;m
89789017072;Tammie;Simpson;47;Libyan Arab Jamahiriya;f
85500362567;Ashley;Hammond;29;Aruba;m
43654031465;Carlos;Taylor;57;Brazil;f
52432334321;Justin;Wallace;41;Suriname;m
64526497658;Caleb;Cunningham;78;Serbia;m
53813760968;Joshua;Sharp;40;Croatia;o
74448117676;Thomas;Barnes;68;Monaco;o
26382496430;Michael;Lewis;41;Nepal;o
35916912990;Christina;Jackson;80;Netherlands;o
49563760716;Martin;Howard;40;Libyan Arab Jamahiriya;f
64802171557;Angela;Fischer;74;Bhutan;f
12666457443;Sandra;Brown;38;Comoros;f
64778104975;Rhonda;Dalton;34;Madagascar;m
58881664219;Tina;White;76;Hong Kong;m
21732530069;James;Mills;58;Marshall Islands;f
83350490280;Christina;Waters;70;Kazakhstan;m
90133271579;James;Mcdaniel;77;Jamaica;f
96128852129;Connor;Evans;78;Brunei Darussalam;f
71561263223;Paul;Thompson;65;Seychelles;f
91689214765;Stacy;Jones;34;Barbados;o
44868687147;Carlos;Bell;33;Argentina;f
81067089419;Jerry;Campbell;39;Northern Mariana Islands;o
31863453648;Holly;Green;45;Kazakhstan;m
72904161768;Krystal;Barrett;43;Poland;m
26573736404;Carrie;Bradford;52;El Salvador;f
98604388832;Matthew;White;68;Grenada;o
44928131752;Jerry;Doyle;46;Chad;f
51374891173;Pamela;Norris;21;Moldova;m
93347822186;Donna;Allen;74;Argentina;f
18466452491;Jeanne;Guerrero;50;Aruba;f
58967405966;Ricky;Rivera;65;Moldova;o
54602856798;Jerry;Gray;71;Solomon Islands;m
82384445717;Timothy;Potter;79;Indonesia;m
52590059758;Savannah;Lester;33;Mayotte;m
70065875149;Patrick;Pacheco;63;Germany;m
43195882745;Jacob;Lopez;22;Finland;o
33367990394;Cameron;Goodwin;66;Korea;o
71249407669;Sarah;Clark;22;Italy;f
39448738655;Jennifer;Johnson;77;Lesotho;f
61485772019;Dalton;Cisneros;29;Tanzania;f
84509610185;Gina;Allen;52;Madagascar;o
40356099042;Jennifer;Lopez;77;Cyprus;f
72682524393;Ashley;Harris;38;Puerto Rico;m
97377070415;Jeremy;Le;36;Vanuatu;m
83470107817;Marilyn;Stanley;72;Nigeria;f
91482182610;Donna;Craig;53;El Salvador;o
28885116745;Nancy;Lawrence;31;Sweden;f
60787826913;Linda;Blevins;74;United States Virgin Islands;o
95354785156;Michael;Wilson;37;Cuba;f
41798350052;Mike;Hall;54;Kenya;m
41178130985;Paula;Martinez;37;Mongolia;f
34086996035;Connie;Miller;40;Norfolk Island;m
73329057248;Lisa;Moody;38;Slovenia;f
61407921426;Kaylee;Ramsey;65;Cameroon;f
34950986350;Tyler;Hodge;19;Ecuador;f
95804480780;Lisa;Andrews;38;China;m
98846982491;Brian;Johnson;38;Heard Island and McDonald Islands;m
52176108063;William;Frost;50;Ireland;f
11161401762;Richard;Mckinney;57;Cook Islands;o
82574092154;Wendy;Reeves;73;Nauru;f
63328479942;Mary;Williams;60;Norway;f
80515178261;Ann;White;57;French Polynesia;f
85657946466;Anthony;Robinson;41;Gabon;o
13551328371;Emily;Miller;35;Gambia;f
52675035167;Jason;Ortiz;53;Norway;m
25355336161;Donna;Thomas;19;Grenada;f
86968954408;Marcus;Harris;43;Montserrat;f
87083427649;Amanda;Graves;32;Vanuatu;o
69182891442;Chelsea;Thomas;26;Lao People's Democratic Republic;o
57944522453;Elizabeth;Rush;70;Libyan Arab Jamahiriya;f
41047412979;Mary;Mckinney;66;Israel;f
25410802200;Julie;Smith;74;Guadeloupe;f
83169493979;Julia;Reynolds;29;Bulgaria;o
87468121103;Jose;Lowery;67;New Zealand;o
92411479538;Joseph;Morgan;42;Singapore;o
77781240537;Matthew;Hahn;72;Iraq;f
89580566117;Jody;Craig;38;Iceland;m
86373309690;Brandy;Jimenez;50;Jamaica;m
59537659689;Sarah;Smith;77;Liechtenstein;o
51128044866;Daniel;Riggs;69;Malta;m
73644687847;Christopher;Harrington;76;Australia;f
24280694700;Janet;Cummings;67;Svalbard & Jan Mayen Islands;f
53733227173;Alicia;Campbell;45;Cocos (Keeling) Islands;f
31833038691;Megan;Payne;46;Nauru;m
79669263553;Alexander;Benitez;47;Malaysia;m
12121491157;Lauren;Herring;59;Croatia;f
63269952162;Stacy;Gray;66;Afghanistan;m
89289822143;Justin;Price;28;Liechtenstein;o
16113155405;Stephen;Ruiz;26;Anguilla;m
96458666149;Tracy;Harvey;57;Libyan Arab Jamahiriya;o
82171869618;Kathryn;Garcia;62;Albania;m
10481187686;Nicole;Baker;27;Timor-Leste;m
69333199671;Kyle;Palmer;53;French Southern Territories;f
95580884141;Alexander;Rodriguez;18;Peru;m
58066973177;Shelby;Stone;60;Iraq;o
55210873870;Jennifer;Gibson;48;Serbia;f
91777721486;Cassandra;Bell;64;Lao People's Democratic Republic;m
55361129160;Nicholas;Morales;72;Rwanda;f
25326036421;Anthony;Smith;76;Hungary;f
97782607429;Michelle;Brooks;46;Isle of Man;m
60678919663;Alexander;Phillips;46;Sweden;f
16268207474;Scott;Thompson;43;Moldova;o
79344620619;Amy;Freeman;80;Burkina Faso;m
71567940722;Tina;Hill;73;Comoros;f
82661218417;Charles;Martinez;43;Lithuania;m
97939698132;Julia;Hood;57;North Macedonia;f
62103478927;Jennifer;Smith;25;Northern Mariana Islands;m
42620323815;Caroline;Casey;36;Korea;m
35630580546;Kelly;Bird;61;Saint Barthelemy;f
89453666310;Ronald;Madden;70;Aruba;o
11533119202;Kimberly;Schmidt;57;Sao Tome and Principe;f
59040240160;Tyrone;Walsh;64;Germany;f
80902772515;Carlos;Morse;76;Uruguay;f
30605353829;Christopher;Bowen;38;Norway;o
55302450014;Michael;Brown;49;Pakistan;f
18776366873;Joshua;Gardner;65;Portugal;f
54932853955;Anna;Roberts;63;Chad;m
12437740503;Edward;Bernard;34;Namibia;f
90261590591;Tanya;Ray;75;Spain;f
76697978171;Dustin;Wright;19;Chad;m
67866951246;Amy;Smith;29;Switzerland;o
14205985673;Mark;Riggs;44;British Indian Ocean Territory (Chagos Archipelago);o
76055081534;Maria;Sanders;22;Bolivia;o
25922720146;Kathy;Cruz;25;Isle of Man;m
76977239535;Tiffany;Mcmillan;57;Dominican Republic;m
41750127677;Jordan;Butler;24;Sudan;m
67414546110;Emma;Mills;66;French Southern Territories;f
11406214001;Jennifer;Bennett;39;Korea;o
34231418548;Christine;Sampson;27;Armenia;o
81295884550;Jessica;Weber;58;Ukraine;o
63584004969;Anthony;Goodman;79;Gabon;f
15692062762;Sandra;Bennett;50;Mongolia;f
45851692024;Wendy;Gonzalez;38;Mexico;m
89890401861;Richard;Short;74;Mayotte;o
25728288530;Michael;Carr;79;Canada;o
66210077052;Brett;Johnson;46;Greece;m
77920184044;Elizabeth;Carlson;56;Bahrain;f
83372579959;Jerry;Barnes;76;Finland;f
70809772074;Daniel;Wells;32;Montenegro;o
73690361373;Stephanie;Davis;64;New Zealand;o
64673981533;Kristina;Robinson;19;Ukraine;m
33687954461;Lisa;Henderson;69;Djibouti;f
47321736213;Sherri;Bond;74;Bouvet Island (Bouvetoya);m
99572787060;Samuel;Gonzalez;29;Nigeria;m
72520075275;Jessica;Wolf;67;Denmark;o
85536147712;Kenneth;White;71;Papua New Guinea;m
94340747651;Alyssa;Morris;42;Guinea-Bissau;m
25488002342;Susan;Rodriguez;43;Niger;f
35401666794;Joy;Lewis;45;Korea;f
90600356587;Cathy;Davis;26;Macao;o
13390399986;David;Green;41;Saint Kitts and Nevis;f
37178114459;Joshua;Bullock;22;Timor-Leste;f
45257771408;Benjamin;Smith;25;Bahrain;m
38930241481;Victor;Walker;28;Somalia;o
39027167235;Bruce;Burke;43;Bolivia;m
87947319370;Laura;Ferguson;50;Swaziland;f
92520878412;Sara;Villegas;32;Guadeloupe;o
39874632581;Raymond;Whitaker;70;Colombia;m
13318343926;Deborah;Edwards;71;Tuvalu;f
74082300392;Zachary;Nelson;18;Iceland;o
51204706093;Tabitha;Sanchez;32;Kazakhstan;m
35521037700;Keith;Walker;59;Bulgaria;m
57458236477;Wendy;Castillo;61;Swaziland;m
86921252012;Charles;Carey;76;Central African Republic;f
28681251333;Vincent;Johnson;55;Lebanon;m
81817965800;Johnny;Mitchell;66;Jordan;m
18681879815;Michael;Phillips;41;Antigua and Barbuda;f
72396358122;Teresa;Hill;80;New Caledonia;f
19907374718;Jason;Levine;59;Morocco;f
11265592859;Patricia;Williams;66;Belize;o
36151654411;Levi;Rice;30;Italy;f
73347855567;Sandra;Parker;19;Botswana;f
81002435622;Michael;Sharp;78;Tajikistan;m
61168365848;Robert;Williams;61;Pitcairn Islands;f
59784769022;Brandon;Bond;72;Armenia;f
97659626096;Julie;Johnson;29;Saudi Arabia;o
52141106540;Larry;Neal;32;Suriname;f
55628406326;Kathleen;Wright;61;Brunei Darussalam;f
66696832292;Melvin;Lewis;58;Mayotte;f
63523899313;Seth;Marsh;64;Guernsey;o
16826090259;Dalton;Robinson;22;Belize;f
33688266632;Andrew;Robertson;45;Guyana;m
61924904859;Julie;Jacobs;61;Bosnia and Herzegovina;f
98517507751;Marisa;Wood;49;Chile;f
33647233724;David;Flynn;53;Heard Island and McDonald Islands;m
90173667418;James;Davis;79;Bouvet Island (Bouvetoya);o
37141700744;Ryan;Stewart;30;Cayman Islands;f
31777562275;Stephanie;Edwards;50;Suriname;o
47057483195;Stephen;Graham;25;Holy See (Vatican City State);o
14159892216;Jennifer;Joseph;63;French Polynesia;m
93801656140;Monica;Morales;63;Tokelau;m
50503008471;Ashlee;Lynch;41;Albania;f
83128318967;Danny;Benitez;25;Saint Kitts and Nevis;f
23924933801;Kevin;Moran;47;Guinea-Bissau;m
41872106605;Seth;Walls;24;France;m
71647281791;Barry;Lane;63;Guam;f
61201420657;Ariel;Hansen;36;Tunisia;m
40715304449;Margaret;Hanna;23;Guernsey;f
87047932017;Sandra;Solomon;24;Saudi Arabia;f
84918659511;Kristy;Powers;51;French Polynesia;o
54396057381;Rachel;Welch;51;Morocco;m
85705317036;Lauren;Jones;25;Cayman Islands;m
28440706048;Shannon;Gray;45;Morocco;m
78062809020;Matthew;Mckay;47;Cambodia;f
22272864804;David;Tapia;55;Bangladesh;f
37022824355;Richard;Myers;77;Bermuda;m
92734418837;Alicia;Smith;70;Switzerland;m
51046278776;Aaron;Lane;21;Palau;m
45031862955;Erik;Novak;30;Guadeloupe;m
77982113978;Joseph;Adams;27;Ethiopia;o
63629156597;Bonnie;Haynes;73;Somalia;o
91867449753;Danielle;Greer;27;Saint Barthelemy;f
82442595579;Ashley;Wheeler;76;Norway;m
46368669382;Jennifer;Wolfe;44;Bermuda;o
36206340002;Hannah;Lara;30;Nigeria;m
31803108111;Denise;Page;77;Jamaica;o
91954738414;Ronnie;Huff;18;Tunisia;o
85528440664;George;Williams;73;Suriname;m
60841353758;Nathan;Chavez;49;Equatorial Guinea;o
38570414183;Robert;Thompson;53;Chile;m
43383444868;David;Black;53;Saint Helena;m
22097384630;Aaron;Ford;59;Cook Islands;f
66642751851;Joshua;Rodriguez;41;Georgia;o
63842167274;Alec;Lane;66;Egypt;f
30022687843;Nathan;Wells;53;Morocco;o
45943454213;Shannon;Gregory;34;Syrian Arab Republic;f
44819434358;Brandon;Moran;30;Indonesia;m
75404566173;Chloe;Sellers;74;Antigua and Barbuda;m
53051905682;Jonathan;Davila;56;Benin;m
84326139862;Jessica;Page;47;Azerbaijan;m
35224997006;James;White;34;Martinique;m
65652793422;Franklin;Pugh;40;Cameroon;f
93885028139;Robin;Jimenez;75;Mauritius;m
53798664046;Nicole;Whitaker;61;Georgia;m
19130321600;Bruce;Mitchell;44;Brazil;o
72614972913;Lauren;Phillips;61;Tunisia;m
39755377946;Paul;Morton;35;United Arab Emirates;f
42930474563;Robert;Simmons;77;American Samoa;o
88593500426;Russell;Rhodes;79;Guinea-Bissau;f
39960839488;Margaret;Hall;66;Afghanistan;f
74637337578;Reginald;Johnson;59;Suriname;f
53369436006;Savannah;Harris;42;Reunion;o
57105626510;Jason;Alvarez;52;Trinidad and Tobago;m
48527871236;Andrew;Turner;35;Saint Kitts and Nevis;f
71064638524;Ashley;Williamson;26;South Georgia and the South Sandwich Islands;m
59358262918;Kristie;Mccarty;49;Morocco;o
98887557433;Gregory;Patterson;61;Japan;m
56759824959;Mitchell;Chavez;64;United States Minor Outlying Islands;m
38980497116;Michael;Hernandez;65;Venezuela;f
90597099188;Tiffany;Miller;31;Norway;m
20767344258;Elizabeth;Reynolds;24;Slovenia;o
78500821237;Andrew;Davis;79;Bosnia and Herzegovina;o
26022272286;Phillip;Tucker;34;Andorra;o
20059373931;Charles;Harris;74;Benin;m
26117329290;David;Cruz;59;Nauru;o
45325288784;Kathy;Everett;65;Andorra;o
12693686312;Steven;Keller;22;Guyana;f
47902488803;Danielle;Moyer;34;Peru;f
14338130062;Jenna;Hall;73;Sweden;f
20577643082;Christopher;Clark;69;Austria;m
64074235400;James;Lynch;70;Senegal;f
62200390538;William;Harvey;42;Luxembourg;f
66147204124;Jeffrey;Allen;75;Cambodia;f
65055321774;Cindy;Stevens;68;Zambia;o
66062020273;Jesse;Hicks;22;Ghana;f
10437033115;Jerry;Contreras;79;Tunisia;m
19716665346;Amy;Miller;76;Svalbard & Jan Mayen Islands;o
49849874175;Michelle;Smith;56;Kiribati;m
38528018157;Emily;Mitchell;67;Senegal;f
59724811974;Jeffrey;Mooney;41;Belarus;f
35206095128;Christopher;Jones;73;United States Minor Outlying Islands;o
60930561883;Dawn;Nielsen;61;Iran;m
82572177773;Ryan;Moore;31;Timor-Leste;o
44988737805;Vanessa;Davis;44;Faroe Islands;o
30147471404;Ashley;Murray;69;Sierra Leone;m
17793663581;Dillon;Lee;67;Cayman Islands;o
68985309625;Andrew;Gibson;24;Tunisia;o
74295265229;Kristin;Mcdowell;76;French Southern Territories;f
42089407812;Todd;Miller;38;Tonga;f
53291280358;Tanya;Schwartz;48;Swaziland;f
37087118962;Melissa;Juarez;21;France;o
73824219783;Michelle;Sutton;50;Burundi;m
99589679579;Ryan;Lopez;41;Tuvalu;f
36802837575;David;Sanders;62;Gabon;o
75143372818;Maria;Johnson;20;El Salvador;o
66041869390;Tony;Fisher;55;Algeria;f
36846499368;Jennifer;Taylor;34;British Virgin Islands;f
36596189079;William;Thomas;73;Colombia;o
98233141652;Lisa;Allen;52;Guinea-Bissau;f
89147918158;Jonathan;Scott;72;Guernsey;f
51275517784;Mark;Harris;80;Cape Verde;m
36140763389;Douglas;Smith;37;Falkland Islands (Malvinas);m
38961885904;Vanessa;Pittman;54;Saint Vincent and the Grenadines;o
23095601651;Joshua;Wallace;76;Cayman Islands;m
12783267896;Andrew;Garcia;53;Tunisia;f
75628847836;Debra;Payne;66;Dominica;f
63262446703;Andrew;Henry;59;Bermuda;o
83880065969;Sydney;Jones;68;Mayotte;m
21618516605;Jessica;Barnes;37;Djibouti;o
54922419261;Robert;Jordan;40;Kenya;o
17490836598;David;Richardson;54;El Salvador;f
68485834336;Nathaniel;Rios;38;Cote d'Ivoire;f
26634538806;Wendy;Hall;51;Taiwan;f
31855750985;Joshua;Ellis;20;Thailand;f
96541814577;Rachel;Jackson;20;Kyrgyz Republic;o
71982072040;Edwin;George;70;Senegal;f
33359126797;Zachary;Morgan;18;Brunei Darussalam;f
95466389296;Mary;Rivera;66;Turkey;m
56309992583;John;Harrell;58;Vanuatu;o
25004199274;Erica;Castro;37;Falkland Islands (Malvinas);o
84917858724;Jennifer;James;21;Peru;f
55614462333;Frank;Knight;54;Georgia;f
95131855667;Keith;Peters;40;Comoros;m
27199651122;Lisa;Banks;72;Kenya;f
27836355499;Patricia;Chapman;43;Croatia;o
41291817744;Julie;Green;39;Malta;f
14652282142;Caitlin;Berry;74;Guyana;o
54421302309;James;Roy;64;New Zealand;o
84462288283;Ronald;Crawford;51;Korea;o
11902286917;Michael;Ponce;24;Denmark;o
73083620035;Katherine;Mccarthy;46;Norway;m
44694084531;Raymond;Dawson;18;Guinea-Bissau;o
40204292880;Eric;Santiago;28;Iran;o
45572885150;Lisa;Wiggins;21;New Caledonia;f
64879437649;Bradley;Norris;64;El Salvador;f
80370948209;Ryan;Lewis;30;Greece;m
80322460307;Scott;Moore;72;Namibia;m
90684298631;Tammy;Hernandez;53;Uruguay;o
48861795807;Sally;Ayala;66;Malaysia;m
92590961503;Jacob;Bentley;80;Singapore;m
81893867966;Michael;Richardson;28;Zimbabwe;f
26337993869;Brian;Coleman;62;French Polynesia;f
42932989325;William;Thompson;47;Palau;f
13384269009;Amanda;Short;52;Bolivia;f
90170906281;Robert;Carson;23;Samoa;o
62122638031;Claire;Cherry;28;Lebanon;f
13542769148;Peggy;Gibson;29;Botswana;o
21437095528;Tammy;Bates;23;Azerbaijan;f
55712613757;Gabrielle;May;64;Austria;m
47898805359;Renee;Parker;58;El Salvador;o
27591483089;Wendy;Lang;55;Anguilla;m
53786211702;David;Harris;60;Netherlands;f
20451123755;Brian;Robinson;60;Greenland;o
27634980521;Stephen;Adams;66;Palau;m
30551358904;Brian;Smith;30;Antigua and Barbuda;m
85658789334;Rachel;Reynolds;18;Guyana;o
17823688705;Jennifer;Moyer;67;New Caledonia;m
78571498307;Sean;Cooper;67;Niue;m
50516931735;Charles;Cain;69;Libyan Arab Jamahiriya;f
32372311062;Courtney;Reid;40;Aruba;m
56798378761;April;Wolf;35;Vanuatu;f
71849757175;Richard;Moore;78;Latvia;m
55394994455;Craig;Williams;18;Montenegro;f
87675740187;Rebecca;Montgomery;44;Congo;f
18842094787;Samantha;Johnson;70;Trinidad and Tobago;m
16891437658;Mark;Little;33;Vietnam;f
16819481561;Peter;Wyatt;67;Sweden;f
59919943070;Peggy;Wilson;48;Denmark;m
21405086328;Keith;Baker;32;Panama;f
56431072717;Randy;Dillon;76;Northern Mariana Islands;o
56004541581;Lisa;Sheppard;35;Cote d'Ivoire;o
46833585718;Jeffery;Everett;50;Indonesia;f
78648145874;Kayla;Patterson;19;Kyrgyz Republic;m
47920432474;Amanda;Washington;79;Tonga;m
57813925201;Susan;Gonzales;30;Madagascar;f
16042123458;Jacob;Newman;52;Iran;o
37306128882;Xavier;Weaver;72;Tunisia;f
63987090453;Catherine;Hill;35;China;o
44161824928;Jessica;Buckley;18;Saint Pierre and Miquelon;f
80550228889;Sherri;Edwards;53;Pakistan;o
95999401229;Andrea;Weiss;51;Saint Vincent and the Grenadines;f
76651466698;George;Martinez;37;Saudi Arabia;o
28859875304;David;Sanchez;75;Lithuania;f
51342122808;Matthew;Lyons;21;Fiji;f
73703359641;John;Burton;62;Korea;f
27076190157;Terry;Brown;27;Romania;m
60496680017;Joe;Dyer;51;French Southern Territories;f
73331007472;Alison;Johnson;55;Greece;m
60726268572;Elizabeth;King;59;Ethiopia;o
20620181258;Shawn;Ross;68;Ecuador;m
97324759676;Ryan;Jackson;46;Svalbard & Jan Mayen Islands;m
19126009269;Kimberly;Cunningham;56;Panama;o
36254217188;Matthew;Garcia;56;Maldives;m
67380181001;Cynthia;Garrison;53;Croatia;m
83253878978;Nicole;Neal;33;Peru;m
98813867623;Jessica;Buck;41;Korea;o
57784031860;Mark;Jones;66;Slovakia (Slovak Republic);m
62198907121;Calvin;Vega;72;United States Virgin Islands;o
55158653836;Jeffery;Johnston;68;Guinea-Bissau;o
52414099025;Kristen;Phillips;74;Guinea-Bissau;o
15444249721;Victoria;Sherman;67;Lao People's Democratic Republic;f
12185248619;Austin;Thompson;52;Indonesia;o
79486343736;Travis;Soto;31;Gabon;m
87014792957;Justin;Edwards;61;Macao;m
66953758230;Jose;Brown;51;Greenland;m
98433467067;Erika;Griffin;29;Sweden;m
15013893198;John;Wilson;73;South Georgia and the South Sandwich Islands;m
54721154944;Janice;Gibson;66;Monaco;f
73831618013;Greg;Hanna;62;Gabon;f
95839629778;Zachary;Torres;50;Mozambique;m
86549204668;Carrie;Jones;80;Gambia;f
22287203549;Sarah;Robinson;80;Chile;o
30340275567;Kenneth;Taylor;66;Jamaica;o
21306873971;Jodi;Moore;21;Cameroon;m
83748902126;Michael;Mcgee;74;Somalia;m
13159523068;Kelly;Reynolds;70;Zimbabwe;o
52340579055;Rodney;Hall;40;Samoa;o
11122737279;Teresa;Martin;22;Bolivia;o
55058965204;Melissa;Anderson;40;Macao;o
94695085331;Brandon;Richardson;76;Saint Martin;o
47249175373;April;Lane;52;France;f
98841066187;Sarah;Alexander;32;France;m
41983165654;Miranda;Paul;47;Tunisia;m
13231220869;Alexis;Oliver;80;Netherlands Antilles;o
60958646548;Barbara;Williams;65;Netherlands;m
24968002175;Kristin;Butler;34;Yemen;f
83874955917;Timothy;Walters;64;Guernsey;f
41537222134;Dwayne;Daniels;76;Netherlands Antilles;o
89799527507;Roy;Bennett;27;Samoa;o
33778423295;Ricky;Santos;61;Iran;f
49743622822;Antonio;Joseph;34;Antarctica (the territory South of 60 deg S);m
27286250888;Sharon;Walters;63;Maldives;o
49063511376;David;Knight;24;Lao People's Democratic Republic;o
98749136864;Jonathan;Williams;28;Bermuda;m
94254635541;Jared;Johnson;49;Barbados;m
45503199087;Kevin;Jones;71;Dominican Republic;o
63228283260;Jamie;Patrick;42;Ecuador;m
48686009813;Michelle;Porter;60;San Marino;o
36193560219;Beth;Gonzalez;49;Mauritania;m
29123378813;Ryan;Meyer;65;Ukraine;o
95442292448;Kyle;Hart;42;Svalbard & Jan Mayen Islands;m
38726391745;Elizabeth;Martinez;55;Australia;o
70977863168;Michael;Poole;50;Uganda;m
61296887534;Emily;Sullivan;37;Cambodia;m
83367511403;Danielle;Carter;63;Christmas Island;m
61366318188;Kimberly;Ashley;44;Bulgaria;o
17801518825;Gregory;Koch;30;Namibia;m
76612586601;Laura;Schwartz;32;Saint Martin;m
72660935767;Paul;Baker;66;India;m
85490980447;Natalie;Davis;43;Qatar;f
98229097855;Dana;Steele;44;Portugal;o
48348583217;Jane;Randall;33;Ghana;o
51241712528;Heather;Merritt;29;Spain;f
46569236572;Mark;Moore;25;United States of America;f
73683047243;Jessica;Thompson;54;Namibia;o
97222778120;Keith;Tyler;31;Afghanistan;o
45111373966;Elizabeth;Meza;27;Bosnia and Herzegovina;o
47318366921;Sean;Brown;58;Guadeloupe;f
86890989957;Robert;Mitchell;68;Antarctica (the territory South of 60 deg S);o
68890838023;Jeffrey;Guerra;72;Sudan;m
77397261947;Mary;Jackson;46;Mauritania;f
61419124493;Christine;Bentley;59;Equatorial Guinea;f
24274919595;Deanna;Edwards;63;Saint Helena;o
10965295533;Jacob;Diaz;73;Cape Verde;o
32965111041;Jacob;Smith;35;New Caledonia;o
29906986814;Michelle;Scott;18;Kuwait;m
17315230668;Katherine;Jenkins;26;Palestinian Territory;o
17253258569;Jason;Bates;25;Slovakia (Slovak Republic);f
52012834864;Melissa;Gamble;52;Norway;m
85852079898;Sandra;Reed;22;Ghana;f
72683068819;Kristin;Long;43;Armenia;o
54224576532;Beth;Romero;76;Western Sahara;m
13903989611;Veronica;Peters;25;South Africa;m
29378284456;Hayden;Matthews;36;Tanzania;m
64773268045;Cheryl;Williams;21;Brazil;o
52036695063;Alison;Martin;18;Burundi;o
92567270096;Nicole;Arnold;67;Guyana;o
92796938370;Douglas;Hoffman;30;Singapore;o
70484556468;Edward;Watkins;31;Niue;o
36165046596;Heather;Calhoun;53;Italy;m
90426137948;Amanda;Patterson;24;Chad;o
89370575358;Margaret;Mccoy;77;Cocos (Keeling) Islands;m
98824973203;Heather;Hoover;45;Somalia;m
20353313491;Shawn;Jackson;61;Suriname;f
21876579017;Heather;Banks;47;Guernsey;f
39351974465;David;Harris;33;Costa Rica;f
78171787621;Sarah;Crawford;61;Chile;o
70205720147;Alexander;Johnson;28;Norway;f
97446459345;Angela;Williams;22;France;f
57389762698;Michael;Gomez;77;Philippines;f
15111640625;Wendy;Knight;27;Macao;m
50762017449;Victoria;Gomez;25;Moldova;f
24632956781;Brandon;Davidson;36;United Arab Emirates;f
46750389503;Patricia;Garcia;65;Armenia;o
49153932595;Renee;Barnes;73;Guyana;m
28748661826;Deborah;Williams;31;Guatemala;o
14022235003;Erin;Dalton;24;Cape Verde;m
55756969302;Steven;Goodman;38;Chile;m
65003174814;Scott;Charles;59;Singapore;f
57145234311;Jack;Howard;43;Mozambique;f
29232995987;Willie;James;25;Pakistan;f
16447516362;Melanie;Wallace;45;Tonga;o
40381973692;Chad;Gutierrez;25;Gambia;o
44042887544;Samantha;Harris;36;Mexico;m
78996420340;Erin;Young;42;Finland;f
36289477836;Joshua;Hoffman;73;Chile;m
32499324832;Jeremy;Burns;76;Vanuatu;f
25636699362;Eddie;Blake;26;Palestinian Territory;o
37095948750;Alexander;Griffith;24;Jordan;f
40268224114;Aaron;Wong;25;Rwanda;o
80661721495;Kyle;Ramsey;27;Wallis and Futuna;f
72709597689;Mary;Bowman;43;Albania;m
79376955408;Joshua;Ferguson;65;Norway;o
90732151998;Sheila;Collins;34;Benin;m
70428008184;Jenna;Smith;19;Haiti;f
80322826370;Michael;Lawson;60;Botswana;m
31456369070;Peter;Harmon;44;Sweden;f
62967801822;Larry;Butler;57;Iceland;o
74725187952;Debbie;Barrett;52;British Virgin Islands;f
51867725221;Stephen;Moore;67;North Macedonia;f
30812586303;Ronald;Ross;21;Wallis and Futuna;f
26186683812;Sherry;Saunders;78;Mexico;f
16577705717;Robert;Luna;56;Georgia;f
86159306599;Jacqueline;Navarro;50;Turkey;m
98298499252;Rebecca;Myers;20;Bulgaria;o
27292733000;Jean;Lawson;33;Latvia;m
54910807558;Robert;Reyes;51;Ghana;m
47309068237;Jamie;Ryan;55;Costa Rica;m
63508368242;Taylor;Johnson;29;Brazil;o
59430207391;Robert;Jordan;69;Iceland;f
61675187470;Brian;Schroeder;24;Pakistan;f
15782460880;Jennifer;Wu;55;Guadeloupe;o
38864552703;Carly;Colon;78;Taiwan;o
99097460721;Kyle;Johnson;53;Anguilla;f
56452739655;Jeffery;Short;28;Ukraine;m
21177059197;William;Smith;46;United Arab Emirates;m
50339603547;Stephanie;Ruiz;32;Botswana;m
30540091569;Heather;Long;60;Korea;m
11145348901;Regina;Brandt;47;Northern Mariana Islands;m
94898297112;Olivia;Gill;33;Taiwan;f
64204172642;Timothy;Johnson;61;Wallis and Futuna;m
16884625870;Charles;Cameron;34;Monaco;o
28277357726;Phillip;Huynh;46;Namibia;o
75027094836;Lisa;Fernandez;67;Germany;f
70143775610;Jason;Spencer;55;Guam;o
78660993748;Michael;Steele;42;Cameroon;f
98325676769;Renee;Becker;26;Norway;m
71171350995;Aaron;Chandler;70;Lithuania;m
93019134381;Anthony;Miller;59;Guadeloupe;o
54196793397;Frank;Soto;25;Guernsey;m
13540256468;Brendan;Marshall;69;Cameroon;o
20935058748;Frank;Price;19;Guyana;f
66393394793;Andrew;Steele;61;Egypt;m
77070495363;Courtney;Gilbert;23;Micronesia;f
12842126442;Christopher;Morris;63;Nauru;f
55546099305;Roy;Griffin;80;Rwanda;f
50380657831;Todd;Zavala;49;Cayman Islands;m
92980209529;Colin;Nichols;53;Tajikistan;f
22719891170;Zachary;Maldonado;35;Panama;f
25102724549;James;Scott;43;Germany;m
79142157963;Laurie;Molina;61;Canada;m
46534942562;Tonya;Thomas;67;Eritrea;m
28433649551;Blake;Lopez;43;Equatorial Guinea;m
12732076684;Bryan;Newton;67;Sierra Leone;o
94394592554;Lauren;Keller;76;Slovakia (Slovak Republic);f
14454651276;Patricia;Montgomery;52;Pitcairn Islands;m
40616171183;Nancy;Ward;33;Aruba;o
84865739874;Stacy;Guerrero;46;Slovakia (Slovak Republic);m
46478279288;Brittany;Sanchez;54;Saint Vincent and the Grenadines;f
37161743499;Jamie;Gibbs;42;Iceland;o
12397697716;William;Evans;76;Korea;m
13624097881;Gina;Holmes;55;Bhutan;o
41308476129;Sherry;Garcia;72;Kenya;o
90916721272;Harry;Stark;73;Sri Lanka;o
47487737376;Erica;Jones;74;Iraq;o
41800136099;Amanda;Daugherty;51;Uganda;o
78205310427;Steven;Sutton;31;Burkina Faso;o
46919387318;Sarah;Tyler;44;Afghanistan;m
20901431103;Brittany;Valentine;72;Senegal;o
26396527249;William;Green;35;Saint Martin;m
15557750294;Joel;Johnson;60;Antigua and Barbuda;m
93277696910;Shelby;Moore;29;Bahrain;m
21174990286;Ian;Tapia;79;Kazakhstan;m
50012683788;Kristin;Hart;19;Costa Rica;o
78003587408;Melissa;Juarez;79;Portugal;m
58665666123;Alicia;Baldwin;72;Chad;o
68631034926;Andrea;Burke;76;Burkina Faso;f
31415007660;Stacy;Kirby;64;Panama;o
41527230848;Dennis;Dodson;49;El Salvador;f
29663892247;Joseph;Whitaker;69;Vanuatu;o
37447414003;Joel;Cohen;24;Ireland;f
50027474351;Randy;Santana;69;Tajikistan;o
19030016504;Mitchell;Shelton;34;Suriname;m
85346938843;Heather;Scott;54;Swaziland;o
59868131043;Christopher;Henry;40;Oman;m
85198067789;Mark;Williams;23;Philippines;o
73593472579;Kristen;Horn;80;Comoros;m
30780819619;Anthony;Owens;52;Bermuda;m
48663952243;Elizabeth;Evans;70;Japan;m
