nombre_pelicula;director;duracion_en_segundos;estudio;presupuesto;tiempo_de_realizacion;ano_estreno;genero_pelicula
Re-engineered 24/7 paradigm;Mr. Jeffrey Weiss Jr.;8400;Franklin-Lewis;27290823;11;1980;Comedy
Pre-emptive next generation synergy;Joshua Cole;5877;Lewis Inc;9784904;5;1989;Action
Function-based context-sensitive orchestration;Tanya Callahan;3954;Douglas-Riley;3312198;4;2014;Comedy
Reverse-engineered value-added encoding;Kenneth Moore;4498;Ray-Bradford;39805919;3;2002;Comedy
Compatible interactive array;Megan Johnson;6574;Strong Ltd;50028580;8;2009;Comedy
Open-architected transitional complexity;Shane Davis;7560;Roy-Kirby;47058909;11;1989;Drama
Streamlined cohesive definition;Erin Alvarado;4979;Newton Ltd;59555007;14;1986;Thriller
Profit-focused real-time service-desk;Jennifer Long;5620;Beard-Hayes;79126206;11;1983;Thriller
Open-architected maximized paradigm;Aaron Lam;3738;Hernandez, Nunez and Acevedo;31513652;2;2016;Drama
Advanced zero-defect support;Justin Gonzalez;6273;Spencer PLC;66154488;23;1973;Drama
Multi-layered asynchronous application;Lisa James;5041;Ray-Harper;59861403;20;2003;Thriller
Persistent multimedia focus group;David Cohen;6696;Holloway-Anderson;97659864;20;1973;Comedy
Horizontal clear-thinking secured line;Daniel Johnson;5203;Malone-Johnson;6520495;10;1989;Comedy
Fundamental 4thgeneration application;Heather Rivera;7481;Good, Fuller and Kemp;12435771;17;1983;Drama
Optimized holistic groupware;Joshua Davis;5393;White-Jenkins;66682491;3;2014;Drama
Customer-focused global algorithm;Carol Mendoza;6617;Jordan PLC;42347667;21;2012;Drama
Quality-focused responsive knowledgebase;Brian Williams;7375;Moore Inc;76997890;3;2001;Comedy
Compatible exuding hardware;Rodney Murray;4441;Thompson-Boyer;73852887;9;1971;Drama
Expanded dynamic help-desk;Sally Torres;6730;Williams-Martinez;3266815;8;2000;Action
Business-focused system-worthy frame;Alexander Brown;8301;Rhodes Ltd;6807240;19;2007;Thriller
Universal cohesive parallelism;Joshua Brennan;6610;Byrd Ltd;1905089;1;1999;Comedy
Progressive full-range core;Kelly Hudson;3660;Hernandez LLC;61233539;4;2005;Drama
Multi-layered mission-critical encoding;Anthony Wood;8269;Ross-Robbins;24850720;14;1989;Action
Function-based asymmetric superstructure;Lisa Garcia;6008;Harris Group;58509438;5;2011;Drama
Multi-layered eco-centric open system;Joshua Day;3736;Lewis-Mcmillan;44198045;14;2000;Action
Sharable next generation emulation;Carl Barrera;7630;Fox Ltd;45393201;24;2008;Action
Reverse-engineered cohesive middleware;Erik Middleton;4407;Blake-Young;14432157;15;1971;Action
Implemented zero administration solution;Tonya Allen;3732;Baker Group;92107475;17;1983;Drama
Innovative background neural-net;Joseph Sanchez;5506;Harper and Sons;98723174;14;2017;Drama
Persistent discrete model;Melissa Jones;7540;Vargas and Sons;54448938;12;1992;Thriller
Robust methodical firmware;David Taylor;6448;Kennedy Group;95704249;11;1970;Comedy
Assimilated 24hour forecast;Daniel Gutierrez;3965;Keith Group;77580898;15;1987;Action
Networked heuristic orchestration;Miss Valerie Martinez;7873;Miller-Parker;15464858;16;1973;Comedy
Diverse fault-tolerant framework;Terry Jones;8063;Banks PLC;34219942;7;2013;Thriller
Devolved global task-force;Andrew English;4401;Hopkins, Camacho and Fox;14460457;6;2007;Comedy
Polarized regional leverage;Marc Vaughn;5902;Jensen, Lee and Richardson;31354375;1;1991;Action
Balanced solution-oriented hub;Julia Taylor;5627;Pierce, Roberts and Farley;63374067;14;1974;Thriller
Function-based dynamic framework;Kathryn Austin;4421;Stewart, Olson and Moss;321172;18;1977;Thriller
Enhanced dedicated success;Robert Ward;6267;Miranda Inc;59647939;23;1974;Drama
Decentralized system-worthy standardization;Jessica Sanchez;6349;Jones-Cantu;99122812;7;1984;Comedy
Sharable 6thgeneration synergy;Michael Marks;7456;Scott Inc;8399432;5;1975;Action
Right-sized responsive complexity;Robert Parks;4797;Trujillo, Thomas and Jackson;45454211;13;1971;Thriller
Upgradable needs-based focus group;Michael Gregory DVM;4822;Alvarez Inc;91246411;10;1972;Drama
De-engineered demand-driven circuit;Kathleen Davidson;6991;Jensen and Sons;2423174;16;1974;Thriller
Business-focused tertiary throughput;Connie Thomas;6291;Gray Inc;34314074;23;2014;Comedy
Pre-emptive content-based matrices;Chelsey Harrison;5114;Jones, Johnson and Collins;50337923;3;2008;Action
Function-based responsive productivity;Dr. Virginia Collier PhD;7052;Bates, Ewing and Brown;38151858;18;2021;Drama
Integrated optimal core;Stacey Meza;6690;Gonzalez Group;75797542;15;1978;Action
Managed multi-tasking task-force;Shane King;5359;Anderson, Ramos and Taylor;75665506;7;1977;Action
Devolved non-volatile analyzer;Luis Gilbert;3995;Hartman, Payne and Taylor;81936134;8;1980;Action
Multi-channeled fresh-thinking workforce;Michelle Horne;4743;James, Wells and Lewis;13762241;15;1972;Drama
Networked fault-tolerant moratorium;James Fitzgerald;6771;Wong LLC;63644495;2;1978;Drama
Optimized eco-centric strategy;Jennifer James;3614;Clements and Sons;18279636;23;2010;Thriller
Proactive leadingedge frame;Jonathan Brooks;8355;Barnes Inc;18501540;12;1987;Comedy
Balanced discrete framework;Dustin Moore;6201;Diaz-Allen;68865539;11;1980;Comedy
Switchable intermediate website;David Cohen;6253;Shelton, Moreno and Wilson;67120772;15;2004;Comedy
Team-oriented interactive parallelism;Mr. Michael Torres;4383;Rivas, Duncan and Short;63496229;5;2014;Drama
Right-sized national capacity;Sharon Duffy;5214;Strickland LLC;24349709;2;1986;Thriller
Team-oriented responsive info-mediaries;David Livingston;5249;Chaney-Watson;76134603;6;1976;Action
Monitored tangible extranet;Michele West;4019;Kelley LLC;23382217;12;2011;Action
Future-proofed asynchronous interface;Travis Miles;6833;Gibson, Cox and Davis;85582091;22;2002;Comedy
Multi-lateral foreground throughput;Valerie Barry;5533;Adams-Smith;91155839;18;1977;Thriller
Mandatory non-volatile adapter;Teresa Wright;6904;Hartman Ltd;76712601;15;2009;Thriller
Public-key zero-defect circuit;Alejandra Griffin;5726;Hodges and Sons;1851990;6;2004;Action
Stand-alone 6thgeneration secured line;Benjamin Buck;6569;Rivera PLC;73860186;12;2018;Comedy
Polarized content-based protocol;Jennifer Horton;6425;Caldwell Inc;15081479;3;1996;Comedy
Customizable dedicated implementation;Anna Newton;5435;Sanders, Phillips and Wall;88040878;8;1999;Drama
Enterprise-wide object-oriented website;Danielle Black;8337;Graves-Ray;19114907;21;1989;Thriller
User-centric optimizing functionalities;Carrie Collins;5279;Boyle, Reid and Ferguson;61335493;3;2012;Action
Compatible global matrix;Bruce Johnson;6645;Lee, Crane and Mayer;89788315;14;2010;Thriller
Devolved zero tolerance firmware;Mark Wilcox;4470;Johnson Ltd;51583853;12;1983;Drama
Diverse bandwidth-monitored utilization;Timothy Lowe;4680;Bryant-Reynolds;67300674;10;1994;Comedy
Triple-buffered static Local Area Network;Daryl Hansen Jr.;8263;Long LLC;36644803;9;2013;Drama
Secured multi-state flexibility;Abigail Cruz;3760;Wood-Brandt;27671624;15;2015;Action
Profound asymmetric secured line;Kimberly Brown;7904;Sweeney Ltd;46815190;11;1977;Comedy
Multi-tiered leadingedge middleware;Benjamin Hawkins;3791;Thornton-Williams;44049150;20;2005;Thriller
Intuitive bandwidth-monitored protocol;Nicholas Church;8169;Miller, Wilson and Smith;26560882;2;1992;Drama
Cross-group neutral data-warehouse;Rodney Davis;5181;Gray-Bush;67942472;2;1972;Comedy
Focused systemic task-force;Amber Camacho;7619;Trujillo, Saunders and Harrison;4940277;4;2007;Drama
User-centric 4thgeneration customer loyalty;Craig Jefferson;6344;Clarke Ltd;54328906;22;2012;Comedy
Decentralized global architecture;James Parker;3861;Mitchell-Watson;80662582;17;1997;Comedy
Fundamental 24hour conglomeration;Harold Garrett;4820;Steele, Thomas and Cruz;76825212;14;1993;Action
Compatible dynamic functionalities;Megan Jacobson;4920;Hill-Taylor;57090754;1;2020;Action
Diverse non-volatile focus group;Juan Martinez;6592;Hutchinson PLC;95653152;12;2009;Comedy
Programmable contextually-based task-force;Tina Wood;7242;Jones LLC;921457;10;2004;Thriller
Optimized logistical support;Elizabeth Crane;4082;White-Wiggins;16589480;21;1974;Comedy
De-engineered solution-oriented database;David Oconnell;4063;Floyd-Wilson;57982885;6;2004;Drama
Virtual uniform functionalities;Craig Vance;4424;Turner, Gonzales and Braun;69930910;8;1983;Action
Versatile fault-tolerant info-mediaries;John King;5746;Brennan-Barry;86048004;24;1999;Action
Pre-emptive clear-thinking throughput;Veronica Kirby;8430;Garcia-Hamilton;66877954;13;1987;Action
Customer-focused object-oriented product;Carolyn Dodson;7103;Parker Inc;13444946;13;1982;Thriller
Open-architected needs-based attitude;Roger Castillo;5039;Morris LLC;79653228;17;1998;Drama
Cross-group multi-tasking throughput;Rachel Lee;6499;Smith, Caldwell and Quinn;38105296;24;1978;Drama
Business-focused zero administration installation;Christine Gonzalez;8187;Blackburn-Johnson;7574235;9;2011;Action
Upgradable well-modulated matrix;Nicholas Mcgee;4448;Johnson-Davidson;60620709;9;2011;Action
Business-focused context-sensitive strategy;Christina Cruz;5347;Wall Group;20705435;3;1979;Comedy
Extended bottom-line toolset;Lonnie Flores;3717;Williams LLC;46848897;8;2012;Thriller
Business-focused foreground capacity;John Hayes;6999;Owens Ltd;17287418;8;1989;Thriller
Front-line national methodology;Dustin Owens;6498;Carroll-Stone;18004452;9;1991;Comedy
Organized asynchronous infrastructure;Tammy Brown;4648;Levine, Nolan and Hayden;99609620;7;1971;Action
Centralized even-keeled open architecture;Rebecca Hodges;7936;Murphy-Garza;7726980;4;1985;Thriller
Assimilated systematic firmware;Nicole Edwards;6991;Harvey-Jones;65408657;18;1993;Action
Implemented systematic time-frame;Mary Rodriguez;5981;Duncan-Reyes;36150932;9;1971;Comedy
Optimized grid-enabled solution;Jennifer Campbell;4636;Andrews-Bailey;72114818;5;1979;Thriller
Organic bandwidth-monitored product;Rebecca Harper;3832;Evans and Sons;61578603;1;1991;Thriller
Inverse methodical superstructure;Jacob Harris;6695;Finley-Lloyd;57013811;15;1976;Drama
Devolved optimizing initiative;Timothy Ramirez;5769;Smith Ltd;87300565;7;1994;Drama
Exclusive radical pricing structure;Adam Floyd;7831;Phillips-Ramos;61344864;12;1988;Drama
Object-based disintermediate synergy;Lucas White;5500;Young Group;26077524;16;2003;Comedy
Cloned coherent solution;Sean Black;4146;Chung-Crane;80200480;4;1983;Thriller
Assimilated asynchronous strategy;Karina Escobar;4475;Jordan, Clark and Ortega;56656387;8;2008;Drama
Centralized zero administration project;Sean Oliver;4819;Perez Inc;86922797;11;2000;Comedy
Assimilated contextually-based matrices;Evan Garcia;4055;Gates LLC;72279669;15;2005;Thriller
Centralized upward-trending budgetary management;Angela Young;6951;Weiss LLC;83723418;12;2022;Action
Ergonomic contextually-based capacity;Lawrence Dunn;5755;Jones-Spencer;79328411;17;2008;Action
Grass-roots tertiary function;Jonathan Butler;7298;Bell, Garcia and Wong;98119037;23;1975;Comedy
Innovative asynchronous matrix;Ashley Brewer;8329;Grant-Gordon;90862558;1;1985;Drama
Reduced tangible leverage;Sarah Brown;5503;Lewis Ltd;68759908;15;2008;Drama
User-friendly even-keeled toolset;Thomas Bradley;4756;Nunez, Clarke and Lawrence;85473818;6;2020;Action
User-centric high-level budgetary management;Kristin Carlson;7210;Harris Ltd;19831864;8;2019;Comedy
Intuitive foreground conglomeration;Beth Jacobson;5503;Rodriguez Ltd;80217184;15;1977;Thriller
Pre-emptive incremental budgetary management;Mr. Jacob Hall;5413;York, Johnson and Kelly;83060090;4;1975;Comedy
Multi-layered user-facing superstructure;Samantha Spencer;4717;Grimes-Evans;473634;22;1989;Drama
Implemented real-time concept;Emily Montoya;6254;Baker Group;13004294;20;1972;Thriller
Self-enabling empowering database;Danny Melendez;7298;Fernandez Group;12471125;4;2011;Thriller
Cross-platform radical projection;David Taylor;3926;Alexander-Santiago;6373764;13;1979;Action
Ergonomic demand-driven portal;Caitlin Booker;7210;Harris-Butler;49915060;22;1980;Comedy
Networked disintermediate protocol;Travis Rivera;6159;Roberts-Smith;73093215;13;2008;Action
Focused exuding customer loyalty;Jennifer Solis;4467;Browning LLC;74380289;1;1997;Thriller
Visionary discrete application;Mr. Mason Martinez;7482;Brown-Adams;14851007;11;2008;Thriller
Realigned bifurcated paradigm;Christian Davila;4176;Hill-Alvarez;59118858;13;1988;Thriller
Automated next generation function;Victoria Tucker;6479;Gonzalez-Price;6445410;24;1989;Drama
Business-focused asynchronous challenge;Megan Miller;8415;Leon-Turner;46088541;19;2013;Thriller
Open-architected coherent implementation;Michael Tucker;5312;Hardy-Horne;88284380;13;1973;Drama
Grass-roots 3rdgeneration matrices;Kathleen Baker;5913;Ray, Horn and Pierce;6931509;12;1993;Comedy
Upgradable contextually-based strategy;Austin Webster;5600;Weaver-Johnson;27454396;16;2009;Comedy
Balanced systemic solution;Christopher Singh;6598;Bishop Inc;77102793;18;2015;Thriller
Persistent high-level projection;Linda Stanley;5111;Salazar-Clarke;24873033;12;2001;Comedy
Right-sized composite installation;Caroline Christian;7937;Richards-Floyd;98264793;10;2018;Action
Multi-layered client-server leverage;Garrett Roman;5375;Thompson, Carroll and Diaz;16850861;4;2019;Action
Persistent bandwidth-monitored focus group;Stacey Daniel;4031;Huerta Inc;55820933;12;1979;Comedy
Optimized optimal pricing structure;Mathew Johns;4482;Lyons, Ramirez and Avila;91097263;14;1994;Drama
Multi-channeled static approach;Paula Ramirez;7308;Jones, Davis and Luna;36805348;2;1993;Comedy
Persistent multi-tasking moderator;Sara Clark;4325;Lopez Inc;64905486;2;1992;Drama
Reduced bifurcated website;Tanya Wright;4089;Monroe, Turner and Knox;71959390;2;2005;Action
Optimized user-facing knowledgebase;Theodore Orr;7352;Jenkins, Lynch and Davis;45594336;24;1976;Comedy
Assimilated context-sensitive implementation;Mark Watson;4032;Martinez Ltd;12400635;17;1977;Thriller
Cross-platform mobile forecast;Lisa Ross;4922;Mcintosh-Parker;6047029;23;2003;Thriller
Mandatory actuating success;Jamie Reid;7458;Garcia-Chavez;62794125;9;1985;Comedy
Multi-tiered solution-oriented toolset;Kari Wilson;4355;Chase Ltd;42028959;10;1988;Comedy
Open-architected bottom-line migration;Colin Fuller;6317;Stewart PLC;97524831;7;2015;Comedy
Multi-layered executive circuit;Edward Flowers;4835;Humphrey, Rogers and Rivera;90034326;6;1981;Action
Proactive solution-oriented hardware;Donald Wang;4940;Lopez and Sons;19531162;12;1977;Comedy
Re-contextualized dedicated open system;Jorge Frederick MD;6651;Oconnor-Smith;2601929;12;1996;Action
Managed uniform analyzer;Mr. Paul Turner;4331;Meyer-Harris;62321664;14;1995;Thriller
Cloned directional projection;Robert Fry;4799;Williams-Hill;4423291;20;2015;Comedy
Enterprise-wide responsive migration;Dr. Robin Sutton;8244;Flores-Lewis;15311969;3;1992;Thriller
Front-line directional pricing structure;Daniel Olsen;6539;Brown, Wilson and Johnson;36964674;20;2000;Action
Mandatory stable architecture;Misty Gonzalez;4831;Owens-Walker;34449489;7;1970;Action
Object-based foreground model;Laura Shelton;5495;Lewis-Mendez;58631657;8;1984;Comedy
Total impactful help-desk;Dawn Flynn;4495;Taylor-Brown;30676071;24;2013;Drama
Open-source neutral service-desk;Lauren Ray;4051;Smith, Mitchell and Gonzales;83908508;19;2021;Thriller
Front-line transitional benchmark;David Kelly;4845;Hopkins-Mccarthy;84655447;19;2009;Drama
Automated fresh-thinking success;Erica Stewart;5004;Fernandez-Jimenez;97346061;11;1999;Action
Configurable optimizing neural-net;Bobby Nguyen;7335;Guerrero Group;74044981;20;1985;Action
Re-engineered dynamic toolset;Sean Cook;6774;Galloway, Flowers and Stewart;71080503;22;1994;Drama
Re-engineered optimizing Internet solution;Brenda Bishop;7896;Osborne-Sutton;32863147;10;1999;Drama
Versatile zero tolerance hub;Kimberly Webb;3733;Leonard, Mejia and Cochran;28017524;21;2021;Comedy
Polarized bottom-line conglomeration;Toni Benson;7377;Gomez Ltd;96680568;7;1980;Thriller
Visionary cohesive artificial intelligence;Todd Wilson;7628;Guerrero PLC;15553535;19;2005;Action
Progressive multimedia focus group;James Morgan;6253;Fernandez Group;66115238;3;2008;Comedy
Adaptive web-enabled architecture;Jennifer Johnson;3965;Neal, Scott and Wiggins;26753093;6;2010;Thriller
Down-sized well-modulated productivity;Lisa Ramirez;8291;Price Ltd;52264391;19;1988;Drama
Synchronized zero tolerance intranet;Charles Best;7784;Bowen-Henderson;69231434;23;1981;Thriller
Secured scalable Graphic Interface;Jennifer Reed;7948;Riley, Ellis and White;493198;19;1970;Comedy
Future-proofed bandwidth-monitored strategy;Jennifer Torres;8340;Jordan Group;59756329;1;1974;Action
Organic analyzing Internet solution;Clifford Flores;3753;Williams, Webb and Singh;78980365;10;1989;Drama
Business-focused tangible complexity;Lori Adams;5696;Smith, Cook and Rose;46010889;10;1974;Thriller
Face-to-face needs-based approach;Christy Martinez;4156;Flores Inc;47954459;17;2021;Thriller
Integrated dynamic system engine;Samuel Robinson;5567;Lamb-Armstrong;54356808;23;1976;Thriller
Phased user-facing extranet;Jill Evans;6718;Case LLC;28532;6;2004;Drama
Open-architected non-volatile application;Elizabeth Erickson;8373;Cohen LLC;99483098;10;1973;Action
Synchronized responsive policy;Jim Diaz;4674;Diaz LLC;32942499;19;2003;Action
Reverse-engineered composite Graphic Interface;Emily Smith;7736;Hicks LLC;1552497;2;2000;Drama
Profound multimedia neural-net;Derrick Nelson;3676;Schultz-Morrison;37840620;12;2007;Drama
Diverse discrete complexity;Mary Ferrell;5641;Jones-Johnson;37237289;3;1992;Comedy
Centralized value-added budgetary management;Matthew Andrews;6507;Lewis Group;62393625;17;1999;Thriller
Advanced client-driven framework;Tiffany Cole;3934;Herman-Ho;2268211;20;1994;Drama
Profound next generation pricing structure;Austin Doyle;4278;Escobar-Walker;43827068;10;2019;Comedy
Operative tangible focus group;Amanda Edwards;5489;Perez, Kelly and Casey;42631157;4;2002;Drama
De-engineered non-volatile project;Ian Beasley;5682;Hale LLC;79291114;9;1974;Action
Public-key attitude-oriented intranet;James Zhang;5016;Ross-Thompson;47546882;6;1982;Drama
Team-oriented fresh-thinking productivity;Christine James;7840;Roth-Monroe;93358005;4;2018;Action
Re-contextualized tertiary orchestration;Adrienne Allen;8354;Rush Group;50298745;20;2022;Comedy
Mandatory fresh-thinking monitoring;Dr. John Herrera;4047;Martinez, Walter and Case;24525798;13;1982;Drama
Quality-focused clear-thinking alliance;James Ho;5739;Nelson-Lewis;81402979;18;2010;Action
Devolved dedicated matrix;Eric Vaughn;5566;Berry, Collins and Stephens;66712469;23;1980;Action
Inverse didactic throughput;Russell Collins;7128;Smith-Jacobs;30670777;2;1994;Action
Decentralized well-modulated budgetary management;Jennifer Williams;5494;Copeland, Young and Wright;4585454;6;2007;Comedy
Mandatory executive database;Cynthia Baker;7528;Cooper, Le and Gonzalez;15273460;6;2008;Action
Switchable methodical emulation;Jill Wong;3612;Patel, Andrews and Conrad;1267011;12;2013;Drama
Down-sized coherent solution;Michael Ray;4287;Miles, Johnson and Guerra;34332138;2;1987;Thriller
Switchable high-level encoding;Theresa Rice;3719;Martinez-Snyder;84142704;8;1974;Thriller
Customizable optimal portal;Richard Thomas;3941;Hill and Sons;90319804;10;1986;Action
Grass-roots asymmetric function;Christopher Reyes;4876;Rivas-Johnson;98023561;3;2003;Thriller
Mandatory global function;Melissa Freeman;3818;Dougherty Ltd;31364625;23;2000;Action
Secured intermediate support;Jennifer Blackburn;3701;French PLC;16852764;17;2005;Thriller
Assimilated regional concept;Aaron Harrison;7194;Brock Ltd;72122317;11;1972;Drama
Automated modular function;Jodi Lopez;5221;Melendez PLC;48696780;6;1974;Action
Front-line even-keeled portal;Victoria Luna;4440;Lewis Group;37730999;11;2018;Drama
Self-enabling zero-defect frame;Kristen Todd;5881;Montgomery, Stewart and Hill;38468401;24;2018;Action
Monitored discrete strategy;Melissa Mejia;4294;Brown-Chan;6274233;21;1990;Drama
Open-source responsive algorithm;Jason Williams;4433;Clark, Evans and Mckee;20642138;13;1978;Drama
Function-based background extranet;Laurie David;5763;Nguyen-Ramos;88665902;13;2006;Comedy
Monitored incremental workforce;Jacob Avila;4692;Brown PLC;48149348;22;1984;Thriller
Realigned grid-enabled structure;Bruce White;4637;Espinoza-Chung;21985728;23;1981;Comedy
Enhanced local concept;Jesse Gates;8246;Johnson, Bennett and Garcia;98893856;2;1973;Thriller
Customizable object-oriented architecture;Wendy Mendoza;4934;Zimmerman, Farrell and Sullivan;44478340;14;2007;Action
Extended zero administration array;Jessica Wood;4891;Rojas-Richmond;61960588;1;2019;Thriller
Ergonomic system-worthy website;Troy Wang;6275;Ryan, Ayala and Jones;18608442;1;2008;Action
Automated optimizing policy;James Rodriguez DDS;6617;Barnett PLC;54394512;1;2003;Action
Enhanced reciprocal throughput;Michael Khan;4809;Howell, Wagner and Brady;30610448;22;1995;Thriller
Public-key needs-based framework;Sherry Doyle;6879;Jackson-Hunter;57748475;3;2019;Thriller
Ameliorated responsive task-force;Renee Lowe;5430;Thomas PLC;85257539;21;2020;Drama
Exclusive zero-defect neural-net;Christina Aguilar;5416;Rodriguez Ltd;79715717;3;1975;Drama
Mandatory regional algorithm;Randy Garza;5890;Fletcher, Riley and Cooper;58300464;23;1986;Action
Ergonomic upward-trending website;Carolyn Lopez;6951;Brooks, Sims and Lopez;34015211;3;2013;Action
Upgradable background methodology;Larry Hendricks;6533;Hernandez, Pratt and Wright;36067610;17;2005;Comedy
Balanced systematic website;Nicholas Miller;8342;Garcia, Mills and Taylor;91637453;9;1992;Thriller
Distributed responsive approach;Edward Hickman;5341;Jackson, Harris and Baird;97922162;9;2004;Comedy
Advanced demand-driven moratorium;Jamie Brewer;7602;Castro-Day;59464579;21;1987;Thriller
Synergized systemic circuit;Miranda Robinson;6594;Morrow LLC;93329307;11;1972;Comedy
Fundamental asynchronous info-mediaries;Debbie Aguilar;6006;Marshall, Franklin and Payne;99523073;21;1988;Comedy
Mandatory solution-oriented knowledge user;Amy Brown;4744;Thomas PLC;28306688;5;1992;Comedy
Focused intermediate Internet solution;Jason Ewing;4005;White-Benson;74110169;4;1986;Comedy
Triple-buffered multi-state Graphical User Interface;Anthony Mckinney;4989;Rodriguez, Macias and Garcia;24144776;13;2017;Action
Right-sized dedicated middleware;Rebecca Villa;4472;Spencer PLC;25554314;23;1983;Comedy
Extended tangible orchestration;Sarah Porter;4624;Carrillo Group;98147812;22;2010;Thriller
Triple-buffered empowering infrastructure;Lisa Sanchez;5819;Holland Group;17525284;18;2007;Thriller
Seamless web-enabled artificial intelligence;Mr. Jared Miller;4743;Shaffer, Sullivan and Perkins;62329763;9;2013;Action
Customizable system-worthy core;Amy Hickman;5056;Tran-Nelson;38167848;10;2011;Drama
Focused responsive project;Christopher Mayo;8211;Andrews-Hopkins;78074365;19;1986;Comedy
Synergistic maximized concept;Jeff Chavez;7606;Morris LLC;93597081;5;2000;Action
Quality-focused system-worthy Graphical User Interface;Amanda Jackson;5775;Riley-Hooper;27127614;3;1974;Comedy
Diverse zero-defect customer loyalty;Edward Thomas;6118;Patterson-Thompson;38876719;11;2006;Action
Realigned secondary projection;James Ibarra;6636;Hansen, Drake and Greer;92920329;13;1988;Thriller
Universal local software;Donald Doyle;4025;Morgan-Parks;91648640;3;1985;Thriller
Mandatory heuristic array;Melissa Cox;8301;Buckley, Hensley and Johnson;39520642;20;1984;Action
Multi-channeled upward-trending process improvement;William Vaughan;7457;Richmond Ltd;45769478;9;2009;Thriller
Open-architected solution-oriented product;Zachary Figueroa;8272;Christensen, Harris and Tucker;186809;2;2017;Action
Grass-roots client-server framework;Diane Williams;3635;Bell and Sons;77174053;2;1993;Thriller
Up-sized dedicated function;Sarah Miller;7964;Chavez, Jensen and Cunningham;77326184;6;2022;Action
Organized exuding artificial intelligence;Becky Medina;4068;Brown-Wilson;68648187;18;1992;Comedy
Sharable impactful encoding;Brian Riggs;5521;Kelley-Johnson;88751732;16;1991;Action
Open-source motivating knowledge user;Savannah Thomas;7238;Hill, Wilson and Mack;91037933;4;2009;Thriller
Persevering demand-driven intranet;Elizabeth Clarke;5946;Hernandez, Brown and Hudson;29170894;12;1981;Drama
Diverse systematic intranet;Ashley Baker;4762;Sellers, Daniel and Kramer;34878054;20;1977;Drama
Mandatory zero tolerance firmware;Mr. Christopher Davidson;5123;Jensen-Hall;57993626;15;2021;Comedy
Synergized even-keeled orchestration;Miranda Bailey;3768;Bonilla, Harding and Larson;78427496;6;2016;Action
Ergonomic value-added matrices;Carla Johnson;5843;Morales, Vasquez and Copeland;33370797;8;1975;Drama
Customer-focused non-volatile attitude;Thomas Parker;4704;Long-Wu;1671761;9;2001;Drama
Optimized human-resource open architecture;Gina Jenkins;5028;Howe Ltd;11385115;23;2007;Thriller
Versatile tangible functionalities;Christopher Smith;4978;Knapp, Jackson and Davis;68111992;20;1978;Thriller
Phased foreground projection;Teresa Mccall;7542;Bowman and Sons;32697440;11;2019;Action
Open-source optimizing parallelism;Brandy Thompson;7333;Murray, Clark and Roberts;65707925;10;2021;Action
Object-based national protocol;Richard Mitchell;7052;Cannon-Riley;56959195;22;1995;Action
Balanced actuating access;Carlos Ward;8125;Gilmore-Moore;76944197;17;1977;Comedy
Synergistic regional functionalities;Samantha Frost;7056;Hansen PLC;70244861;5;2007;Comedy
Configurable modular complexity;Jocelyn Krueger;3880;West Group;77255410;18;1999;Drama
Stand-alone 4thgeneration success;James Brown;6804;Carter Inc;97864138;10;2007;Drama
Object-based systematic support;Joel Carlson;7536;Cameron-Jackson;8514682;24;1972;Action
Reactive upward-trending model;Matthew Smith;6001;Francis Ltd;30713371;18;2006;Thriller
Configurable cohesive concept;Angela Moore;7089;Burgess-Carlson;3739397;24;1997;Thriller
Profound solution-oriented matrices;Michelle Roberts;4849;Williamson, Harris and Soto;5999853;6;2002;Thriller
Programmable radical protocol;Douglas Andrews;6461;Johnson LLC;67588585;3;1989;Comedy
Compatible tertiary concept;Alexis Hill;7548;Middleton Group;70546978;2;1985;Drama
Right-sized didactic utilization;Aaron Page;5969;Ramos-Rogers;52934326;22;1977;Thriller
Switchable client-driven knowledgebase;Amanda Walker;7991;Jackson, Bowman and Bryant;29746164;15;2005;Thriller
Operative non-volatile application;Paula Henderson;6947;Wells-Sullivan;45926753;24;2012;Thriller
Extended national secured line;John Gonzales;5264;Davis-Foster;62023886;1;1993;Drama
Compatible zero-defect protocol;Michael Hicks;7408;Garcia, Ramirez and Simmons;93056962;3;1989;Comedy
Organized interactive monitoring;John Hernandez;8224;Parker, Gross and Meyers;1471033;12;1973;Thriller
User-centric even-keeled workforce;Linda Howell;7605;Olson LLC;52099799;10;2020;Comedy
Monitored stable pricing structure;Amanda Robbins;7307;Morse-Hampton;21613882;8;1985;Drama
Face-to-face bifurcated neural-net;Wendy Johnson;7089;Cook, Johnson and Butler;44568532;20;2007;Thriller
Intuitive eco-centric framework;Maria Hernandez;5279;Hunter-Brown;4857187;10;2013;Comedy
Self-enabling encompassing interface;Christopher Garcia;7426;Charles-Ellis;48073789;9;2014;Thriller
Focused eco-centric ability;Melinda Jones;4093;Forbes-Spears;56813521;11;2000;Thriller
Object-based bifurcated approach;Joshua George;4656;Bennett LLC;71737135;10;2003;Drama
Configurable dedicated artificial intelligence;Alejandro Mendez;4472;Hayes-Mayer;76364353;6;1992;Drama
Assimilated actuating core;Elaine Watts;4872;Johnson, Miles and Jones;77730834;7;2008;Action
Customizable 3rdgeneration matrix;Barry Cowan;5878;Harris-Huerta;58626558;22;1996;Thriller
Distributed bifurcated hardware;Kimberly Mills;5828;Wilkinson-Henson;59938337;3;1994;Thriller
Reactive homogeneous budgetary management;Kaitlin Hill;5356;Smith-Martin;66062867;24;1998;Action
Cloned foreground installation;John Benitez;6826;Preston PLC;54857363;15;1997;Thriller
Automated bi-directional moratorium;Alan Callahan;3826;Lopez, Bailey and Black;51960715;13;1990;Comedy
Virtual tangible circuit;Carla Perez;4406;Wilson Inc;90200963;4;2014;Comedy
Proactive bifurcated model;Jennifer Johnson;7095;Morgan-Wilson;88134888;4;1983;Thriller
Reduced transitional ability;Eric Blackburn;7294;Ochoa and Sons;24572073;19;2019;Comedy
Synergized system-worthy model;Brady Collins;4669;Pratt, Keith and Malone;13553361;10;1986;Thriller
Expanded exuding analyzer;Sheila Murphy;4979;Church, Sosa and George;94141663;10;1987;Drama
Programmable exuding open system;Gary Newton;8155;Smith Ltd;94394182;24;2010;Comedy
Intuitive 24/7 orchestration;Janice Berg;4340;Acosta-Arias;78241130;17;1980;Drama
Optimized systemic service-desk;Richard Simmons;3631;Phelps, Green and Silva;41636876;18;2010;Drama
Synergized even-keeled definition;Barbara Cochran;5456;Alvarez PLC;36362413;12;1991;Comedy
Reverse-engineered discrete access;Amy Austin;8432;Scott-Escobar;78806080;17;1978;Comedy
Balanced fresh-thinking implementation;Jennifer Martin;6081;Becker Group;94043829;8;1997;Comedy
User-centric web-enabled instruction set;Shannon Neal;5728;Medina LLC;62240474;20;1985;Drama
Synchronized object-oriented neural-net;Lisa Terry;7190;Gonzalez and Sons;69720236;9;1984;Comedy
Ergonomic client-server info-mediaries;Summer Wagner;8195;Conley-Bowen;1808903;10;1972;Drama
Pre-emptive regional capability;Jennifer Stone;6500;Hamilton Ltd;61064257;22;1979;Drama
Profit-focused tertiary knowledgebase;Tammy Harrison;5092;Sparks Inc;82801809;21;1974;Action
Devolved 5thgeneration interface;Timothy Haynes;3828;Brandt, Anderson and Miller;1501189;4;2002;Action
Cross-platform homogeneous moratorium;Christian Johnson;3768;Rodriguez LLC;22507589;23;2020;Comedy
Inverse multi-state solution;Jaime Paul;6402;Ingram, Johnson and Johnston;88960323;9;2009;Thriller
Reverse-engineered mission-critical process improvement;David Browning III;6248;Doyle-King;67464493;13;2020;Drama
Grass-roots bi-directional collaboration;Raymond Weber;5824;Kline-Bowen;23395766;8;1988;Drama
Fully-configurable scalable throughput;Eric Butler;8190;Diaz-Perez;8500679;17;2008;Drama
Polarized fault-tolerant emulation;Robin Smith;7661;Cross Ltd;84108426;15;1970;Drama
Optimized zero-defect encoding;Jennifer Webb;4752;Johnson, Fisher and Carrillo;92986336;10;2006;Drama
Balanced eco-centric encoding;James Williams;3691;Meyer, Williams and Williamson;45339344;16;2004;Action
Optimized actuating archive;Barbara Johnson;3822;Burke PLC;63763306;15;1992;Drama
Virtual directional frame;Andrew Marshall;5062;Hoffman LLC;76175182;13;1977;Thriller
Streamlined multi-tasking functionalities;Laura Robertson;4816;Lynch Inc;12857524;24;1972;Action
Digitized multi-tasking interface;Kenneth Franco;5371;Campbell-Graham;59571960;20;1975;Drama
Ergonomic tertiary moratorium;Jason Phillips;6238;Pacheco-Murray;28634147;4;2005;Comedy
Monitored even-keeled methodology;Gabrielle Herman;7251;Torres Group;3811855;8;1990;Comedy
Up-sized 3rdgeneration Graphic Interface;Donna Herring;6960;Wilkinson, Hobbs and Mcdowell;42055239;14;1976;Action
Open-source fault-tolerant data-warehouse;Olivia Mason;5685;Davis, Ramos and Atkins;10969718;4;1999;Thriller
Up-sized regional open system;Samantha Murphy;7196;Wilkinson-Clarke;99632591;14;1977;Drama
Robust optimal support;Steven Livingston;7695;Maddox, Hill and Kirk;17967711;24;1992;Comedy
Managed upward-trending info-mediaries;Andrew Drake;7659;Warner, Haynes and Cochran;12069218;4;1987;Thriller
Fully-configurable multi-state strategy;Kristen Willis;5574;Carroll-Martinez;90062320;6;2004;Comedy
Distributed didactic infrastructure;Samantha Lopez;4479;Evans, Shaw and Walker;88863012;20;1995;Thriller
De-engineered heuristic throughput;Eric Martin;6717;Robinson Ltd;7996778;1;2007;Action
Multi-tiered composite installation;Todd Young;5817;Buchanan-Nelson;40462491;3;1987;Thriller
Versatile context-sensitive model;Jeffrey Cannon;8194;Castillo LLC;68376977;4;1986;Action
Synergistic grid-enabled definition;Lisa Parsons;8317;Phillips LLC;52074510;9;2000;Drama
Optimized bandwidth-monitored budgetary management;Joseph Johns;7193;Thompson, Valencia and Phillips;95467584;5;1975;Drama
Public-key intermediate focus group;Mark Escobar;4101;Cooper and Sons;56648252;1;2012;Action
Expanded national project;Mary Brown;3790;Villa and Sons;35142765;4;1986;Action
Extended impactful application;Brandy Garcia;7777;Martinez-Garza;30419133;19;1971;Comedy
Self-enabling 6thgeneration matrix;Andrew Lowery;7578;Roberts Ltd;77206870;24;1981;Action
Polarized upward-trending matrix;Stephen Sweeney;5730;Harris, Stafford and Galvan;71686894;14;2016;Drama
Reduced discrete website;Kathleen Evans;6974;Shaw, Santiago and Riley;11796442;22;2000;Thriller
Profound empowering moderator;Julie Lyons;7722;Church-Gonzales;1734272;12;1973;Drama
Proactive analyzing parallelism;Kenneth Marsh;3923;Bass-Harrison;26464585;11;1970;Comedy
Distributed object-oriented model;Christian Gibson;5983;Jones Group;37305461;1;1984;Action
Organized high-level strategy;Nicole Vasquez;6737;Sanders, Payne and Sloan;78759941;8;1974;Drama
Implemented stable moratorium;Jessica Miller;6360;Madden, Li and King;36571195;1;2019;Drama
Inverse 6thgeneration intranet;Michael Cantrell;3955;Edwards-Johnson;73776639;12;1976;Comedy
Future-proofed content-based archive;Cynthia Villa;5788;Schmidt and Sons;4783972;7;1982;Drama
Reduced interactive paradigm;Samantha Rodriguez;5028;Reilly-Fleming;18102112;4;2020;Thriller
Customizable tangible policy;Sarah Green;4898;Davis, Bailey and Baker;93615371;21;2005;Drama
Extended motivating implementation;Adriana Wilson;7535;Johnson, Mason and Duarte;84354803;9;1973;Comedy
Enhanced non-volatile Graphical User Interface;Victoria Walker;5489;Johnson LLC;92465348;4;1980;Thriller
Multi-channeled coherent initiative;Amanda Williams;6539;Gilbert, Watson and Walter;74398;18;2002;Drama
Universal scalable open architecture;Lisa Lara;7502;Howell, Bright and Tate;94059648;14;1970;Action
Pre-emptive zero tolerance flexibility;April Torres;4536;Logan Inc;62135352;2;2017;Thriller
Distributed motivating process improvement;Vincent Lewis;8177;Roman, Williams and Nichols;19506892;21;1975;Action
Profound optimal matrices;Heather Strong;7841;Taylor Group;57306747;23;1980;Action
Managed 5thgeneration functionalities;Donald Hall;4913;Johnson Group;37330272;8;2015;Action
Devolved systematic synergy;Meghan Hill;3764;Martinez, Fletcher and Welch;46787886;4;2020;Comedy
Progressive dynamic synergy;Brian Miller;4114;Smith Group;86023880;23;2008;Drama
Vision-oriented high-level frame;Karen Montoya;4992;Guzman and Sons;24713325;22;2006;Drama
Fully-configurable object-oriented portal;Karen Andrews;7092;Espinoza and Sons;63455832;8;1981;Action
Front-line dedicated project;Jennifer Rose;4370;Munoz, Owens and Harris;6773898;4;2019;Comedy
Cross-group discrete hierarchy;Johnathan Burns;7143;Flowers PLC;30062100;20;2000;Drama
Optional coherent standardization;Sheila Chen;3651;Osborne-Hickman;39916179;15;2013;Action
Re-engineered discrete Internet solution;Maria Scott;8429;Thornton-Riley;90798702;20;1977;Comedy
Multi-channeled analyzing policy;Carl Harris;4508;Richardson Group;71041494;9;1998;Drama
Reverse-engineered 3rdgeneration time-frame;Aaron Parsons;4147;Carlson, Weaver and Bauer;36295845;18;1971;Thriller
Proactive asynchronous access;Pamela Allen;7349;Silva Group;48777888;22;1991;Comedy
Upgradable needs-based conglomeration;Robert Gonzalez;8027;Richards PLC;20262003;18;2010;Comedy
Re-engineered modular attitude;Shane Martinez;4841;Turner-Riley;73059773;11;1993;Comedy
De-engineered analyzing interface;Anita Conner;7710;Griffith-Short;93892367;13;1975;Comedy
Programmable 5thgeneration time-frame;Tara Lewis;4433;Burton, Nelson and Wagner;12821544;13;2012;Drama
Polarized modular budgetary management;Adrian Lee;4688;Johns-Williams;29504153;2;2010;Drama
Up-sized explicit model;Jared Larson;6536;Rowe, Pittman and Simpson;45416452;5;2017;Thriller
Proactive tertiary secured line;Samuel Harding;7041;Harrison-Whitney;17699462;19;1978;Comedy
Innovative bifurcated alliance;Megan Moreno;6617;Howe Inc;90038932;3;1991;Comedy
Team-oriented grid-enabled success;Mark Winters;3733;Mendoza Group;45576003;6;2016;Thriller
Profound static installation;Daniel Smith;4910;Bishop-Velez;30888644;3;1991;Drama
Persistent global emulation;Sonya Morgan;7040;Bean, Hess and Padilla;46874040;18;2019;Comedy
Pre-emptive bi-directional instruction set;Taylor Dominguez;3821;Petersen Inc;11542584;14;2008;Thriller
Decentralized discrete model;William Perry;6889;Nichols, Morales and Griffin;36959338;13;2002;Comedy
Optimized zero tolerance process improvement;Lee Kelly;4768;Reed LLC;84732710;2;2002;Action
Down-sized fault-tolerant capability;Mary Kaiser;4175;Christensen and Sons;35323187;8;2013;Drama
Cross-platform high-level product;Christy Webb;6715;Melendez and Sons;4214391;22;1983;Action
Monitored interactive task-force;Jonathan Young;3614;Keith, Johnson and Williams;53664894;12;1998;Comedy
Secured regional Internet solution;Joseph Mcconnell;4432;Crawford, Garcia and Mueller;99497844;21;2022;Drama
Customer-focused 5thgeneration synergy;Steven Wolf;7499;Price-Manning;83602099;24;1983;Comedy
Innovative stable focus group;Jonathan Edwards;7332;Morse Group;51714707;17;1978;Drama
Seamless scalable data-warehouse;Ashley Green;4191;Hall, Cruz and Gibson;18108239;24;1976;Thriller
Phased object-oriented complexity;Brian Thompson;7967;Ward-Burke;32647062;15;1981;Thriller
Cross-platform user-facing circuit;Diana Sanchez;5052;Smith, Wright and Alexander;55827899;22;1979;Comedy
Business-focused asynchronous contingency;Kenneth Malone;6335;Wang Group;83447324;3;1970;Drama
Universal dedicated secured line;Joanne Edwards;5558;Torres Ltd;18936832;13;1982;Thriller
Operative radical neural-net;Catherine Clark;6694;Fields, Serrano and Stephens;89520162;4;2015;Drama
Synergistic systematic open system;Zachary King;5323;Hamilton-Cannon;98108388;13;1988;Thriller
Multi-tiered 3rdgeneration frame;Brad Gomez;6150;Garcia and Sons;5136603;7;1982;Thriller
Vision-oriented scalable success;Kimberly Garcia;7567;Walters, Parker and Powell;13571667;18;1973;Drama
Operative fresh-thinking frame;Lance Mcintyre;4457;Escobar-Marshall;40598937;21;1991;Drama
Diverse web-enabled circuit;Hunter Weeks;8069;Duran and Sons;96940424;13;2011;Drama
Centralized scalable contingency;Troy Bishop IV;6281;Allen-Smith;77654813;15;2012;Thriller
Virtual reciprocal Local Area Network;Ryan Rhodes;5542;Wilson Ltd;41568844;9;2004;Drama
Seamless heuristic secured line;Richard Williams;8266;Morrison Inc;5635081;10;2014;Comedy
Object-based national framework;Sarah Stewart;8020;Bryant, Harvey and Harrington;20819842;17;1983;Comedy
Multi-lateral exuding instruction set;Michelle Martinez;4517;Schultz Group;33405477;18;1988;Action
Decentralized actuating middleware;Rose Johnson;4188;Rogers and Sons;54028915;5;1996;Comedy
Intuitive local hub;John Whitehead;7237;Romero-Reynolds;46522571;9;1981;Comedy
Phased coherent protocol;Lori Brown;5365;Sanchez, Chan and Carson;82643829;23;1970;Drama
Enhanced clear-thinking benchmark;Mark Ramirez;4061;Hamilton, Stewart and Cunningham;89579719;10;2021;Drama
Programmable bifurcated data-warehouse;Samantha Maxwell;7258;Thomas Ltd;20652411;12;2007;Action
Programmable context-sensitive contingency;Kelli Lopez;4502;Crane Group;82654071;24;2005;Action
Re-contextualized didactic throughput;Christopher Moore;7549;Gomez PLC;33895469;3;1986;Drama
Re-engineered system-worthy utilization;Bruce Avery;8345;Murray-Mccormick;18174244;7;2011;Action
Total didactic database;Nancy Fuentes;4183;Curtis and Sons;54744039;10;2010;Thriller
Optimized static middleware;Jerry Moore;6964;Jenkins, Juarez and Thomas;50883032;12;1998;Drama
Reverse-engineered content-based strategy;Stephen Griffin;5991;Rodgers, Jones and Benjamin;79150171;21;2019;Comedy
Diverse contextually-based middleware;Paul Elliott;5205;Miller-Gregory;5079860;22;2020;Action
Seamless holistic support;Scott Kim;5729;Garcia-Ellison;2485766;13;2013;Action
Inverse next generation support;Melissa Jones;4128;Cook-Hall;79026311;24;1995;Comedy
Ergonomic value-added open system;Candace Whitaker;7688;Benjamin-Juarez;44504606;14;2001;Thriller
Customizable actuating matrix;Erica Moody;4035;Hurst, Meyer and Arnold;71450705;3;2015;Thriller
Programmable holistic encoding;Jennifer Cisneros;5073;Washington Group;23047215;14;1993;Action
Organic composite strategy;Steven Morgan;7153;Gates-Haynes;61673357;13;1999;Comedy
Persistent heuristic workforce;Kevin Shelton;7781;Lane, Whitehead and Barnes;60111409;24;1986;Action
Pre-emptive background artificial intelligence;Julia Hughes;6091;Sweeney Inc;9205314;2;1989;Comedy
Open-source static customer loyalty;Sean Miller;7877;Davis Inc;53900690;15;1996;Comedy
Reduced disintermediate data-warehouse;Jeffrey Medina;6872;Cohen, Dennis and Houston;93006762;10;2015;Comedy
Innovative eco-centric artificial intelligence;Jason Lewis;4057;Ward, Baldwin and Lane;63986434;5;1974;Drama
Streamlined asynchronous algorithm;William Cardenas;5507;Hayes LLC;9852326;23;1979;Thriller
Networked zero administration toolset;James Abbott;4078;Hill, Allen and Clark;21166890;3;2014;Comedy
Horizontal composite projection;William Ryan;4134;Little PLC;41982905;17;2014;Comedy
Cross-group fresh-thinking collaboration;Carlos Webb;5348;Hunt, Campbell and Parker;3596180;1;1999;Thriller
Focused 4thgeneration algorithm;Mary Ellis;8038;Cook, Jones and Johnson;64177252;23;2009;Drama
Inverse tangible info-mediaries;Victoria Olson;5834;Cain, Hansen and Brown;25234669;22;2017;Drama
Function-based non-volatile hardware;Mr. Michael Bray;7481;Goodman PLC;6285063;15;1981;Action
User-centric static capacity;Christopher Cummings;8246;Jackson Inc;94790453;9;2011;Thriller
Cross-group mobile interface;Ryan Smith;7897;Moore Inc;24707099;8;1990;Action
Monitored transitional database;Paul Roy;7194;Barnes, Hardy and Haley;93862171;15;2018;Thriller
Seamless client-driven strategy;Emily Shields;6988;George-Sanders;26065105;14;2006;Thriller
Configurable hybrid knowledgebase;Beverly Robinson;5824;Shaw-Walton;12935674;12;1999;Comedy
Quality-focused global installation;Martha Pugh;8207;Jones-Hill;43955667;3;1991;Comedy
Ameliorated tertiary application;Jeffery Wilson;5810;Hill LLC;92063117;8;2018;Thriller
User-centric even-keeled initiative;Melissa Green;4151;Weber Ltd;85197136;9;2020;Drama
Virtual even-keeled parallelism;David Peterson;7022;Sanchez, Smith and Walker;76824920;15;1984;Drama
Total foreground implementation;Mary Simpson;4296;Smith, Moss and Reid;1005202;1;1971;Action
Vision-oriented object-oriented Local Area Network;Hailey Smith;8448;Rogers-Hammond;16037728;24;1995;Comedy
Implemented impactful attitude;Steven Mullins;5830;Taylor PLC;99779593;12;2006;Drama
Secured holistic toolset;Stephanie Bryan DDS;5726;Wells-Chapman;15182109;6;1984;Comedy
Advanced next generation algorithm;Edward Morrison;4232;Russell-Jackson;7546717;17;1973;Drama
Profit-focused systematic attitude;David Evans;7906;Mahoney, Cordova and Blake;471783;9;1996;Action
Enhanced next generation help-desk;Gina Williams;7895;Collier PLC;13390337;19;2012;Action
Public-key executive help-desk;Rachel Villanueva;6771;Meadows, Tapia and Ferguson;24468926;24;1997;Thriller
Automated systematic Internet solution;Mark Serrano;7812;Williams LLC;66982943;16;1989;Comedy
Fundamental context-sensitive customer loyalty;Melanie Ortiz;3872;Mcdonald Group;4302332;24;2020;Comedy
Optional non-volatile function;Philip Miller;4496;Stephens-King;37325449;23;2007;Comedy
Focused user-facing pricing structure;Joshua Green;4107;Rangel, Smith and Nelson;66856196;14;1998;Thriller
Cross-group human-resource pricing structure;Stephanie Lopez;4758;Gutierrez-Lewis;21324856;1;1970;Thriller
Devolved national paradigm;Ricardo Levy;3819;Anderson-Lewis;37058553;15;1980;Drama
Versatile bifurcated neural-net;Sarah Whitney;7591;Webster, Skinner and Garrett;90700157;19;2017;Action
Customer-focused uniform superstructure;Tina Moore;5613;Johnson PLC;36838431;19;2010;Action
Cloned eco-centric analyzer;Marcus Ross;3958;Hamilton-Roberts;91380408;18;1981;Drama
Centralized scalable moratorium;Joseph Mason;5830;Mckinney-Lopez;22754933;10;1985;Comedy
Adaptive leadingedge benchmark;Nathan Nash;4818;Mason, Decker and Prince;79872765;5;2017;Drama
Polarized didactic toolset;Kevin Roberts;7584;Johnson-Riggs;49489906;16;2004;Comedy
Balanced incremental budgetary management;Eric Smith;5449;Hoover, Berger and Douglas;58116750;5;1983;Thriller
Ameliorated national open architecture;Yvonne Franco;6413;Campbell and Sons;41657693;5;2003;Drama
Compatible high-level installation;Mitchell Bell;8027;Brown LLC;85668898;2;2008;Thriller
Networked logistical knowledge user;Marcus Stone;7995;Washington, Sanchez and Gray;27974823;16;1976;Action
Adaptive scalable policy;Joshua Doyle;7112;Schwartz, Harvey and Lewis;69278040;10;1998;Thriller
Multi-lateral tertiary orchestration;Colin Smith;7160;Patterson, Walton and Stewart;39093643;17;1984;Drama
Reduced needs-based attitude;Maurice Miller;7043;Joseph, Salas and Hall;17025889;2;1984;Comedy
Profound tangible info-mediaries;Alexis Roberts;3807;Madden Ltd;27952418;24;1981;Comedy
Versatile discrete access;Michael Martin;4579;Castaneda Group;3840638;6;1983;Comedy
Fully-configurable reciprocal workforce;Sean Alvarez;8213;Lang, Leon and Hayes;66523256;11;1978;Action
Right-sized 24/7 throughput;Brandon White;4307;Conrad, Coleman and James;28867278;21;2018;Drama
Digitized scalable capability;Dale Steele;6051;Hoffman, Browning and Parker;39212811;8;1996;Thriller
Fully-configurable bifurcated software;Stephanie Quinn;5759;Hernandez, Ferguson and Weaver;99257888;15;1973;Comedy
Decentralized 24/7 data-warehouse;Melissa Lewis;6246;Ortiz, Williams and Holt;51257057;15;2013;Comedy
Mandatory systemic approach;Martin Crawford;4613;Martinez, Obrien and Jones;15205532;21;1983;Comedy
Object-based incremental infrastructure;Jennifer Garrett;5456;Miller, Bowman and Wright;63012500;9;1979;Action
Business-focused regional extranet;Allison Buchanan;8433;Hill-Rose;68467880;7;2018;Drama
Self-enabling responsive installation;Sarah Navarro;7063;Howard-Johnston;63536129;21;2000;Thriller
Phased global neural-net;Ashley Wallace;6979;Mcdowell, Hopkins and Sanchez;35502203;5;2001;Thriller
Reactive impactful moderator;Jack Evans;7214;Snow-Moyer;79131812;6;1987;Drama
Compatible logistical solution;Michelle Horton;6857;Hensley and Sons;71507274;24;2001;Comedy
Centralized impactful task-force;Shannon Harvey;5336;Bradford and Sons;58546972;14;1989;Thriller
Vision-oriented solution-oriented neural-net;Ryan Graham;7377;Oneill, Kennedy and Hill;88905117;21;2013;Drama
Profound asynchronous implementation;Jimmy Cunningham;7970;Robinson PLC;9344302;21;2017;Thriller
Multi-tiered even-keeled support;Melvin Potter;4379;Brock Ltd;34755313;1;1994;Drama
Optional 24/7 circuit;Kimberly Singh;5811;Campos-Sheppard;27669620;8;1993;Comedy
Re-contextualized fault-tolerant info-mediaries;Christopher Schroeder;3649;Alvarez, Jones and Crosby;35269131;9;1979;Thriller
Multi-channeled optimal migration;Thomas Blackburn;3860;Solis, Vasquez and Ho;74321915;24;2006;Comedy
Cross-group asymmetric budgetary management;Rebecca Murray;4320;Hanna, Whitney and Mcintosh;41795167;3;1982;Action
Open-architected static Graphical User Interface;Erin Nelson;4716;Williams Inc;20730703;2;1995;Drama
Seamless coherent process improvement;Alison Combs;8424;Cox-Leach;15264255;17;1986;Drama
Multi-lateral solution-oriented contingency;Olivia Scott;7611;Lopez-Carroll;85598004;19;2000;Action
Open-source bandwidth-monitored standardization;Tammy Young;7158;Smith-Rodriguez;75376665;6;1987;Thriller
Multi-tiered fresh-thinking toolset;Brenda Chen;8174;Simmons-Sanchez;75198485;2;1996;Comedy
Versatile optimizing paradigm;Lisa Weeks;7914;Kennedy-Lynch;46825048;18;2020;Comedy
Multi-channeled next generation moderator;Veronica Holt;6745;Lopez Group;25654563;17;2000;Drama
Up-sized system-worthy time-frame;Alison Perez;7388;Wise, Ramos and Salinas;61734635;11;1971;Thriller
Cloned web-enabled service-desk;Michael Reyes;4133;Rogers-Ray;7009405;2;1972;Drama
Organized content-based portal;Aaron Morton;6389;Santos, Campos and Liu;82910682;3;1992;Drama
Managed hybrid archive;Lisa Ray;4483;Maldonado, Jackson and Mooney;98176463;3;2021;Action
Operative 24/7 middleware;Ann Patterson;3929;Long Ltd;65178852;3;2000;Thriller
Programmable 24/7 migration;James Ellis;5782;Jackson, Moore and Kim;84368701;21;1998;Action
Vision-oriented analyzing portal;George Ramirez;6736;Choi Inc;44285405;6;2001;Action
Polarized context-sensitive portal;Ronald Jones;4696;Washington and Sons;46425829;14;2017;Thriller
Phased coherent utilization;Tammy Reid;3693;Steele Group;40726742;7;2013;Action
Seamless discrete budgetary management;Norma Robinson;3716;Kim and Sons;63530593;14;1983;Thriller
Robust eco-centric artificial intelligence;John King;4142;Smith Inc;88413014;15;1993;Comedy
Reverse-engineered object-oriented process improvement;Anthony Pittman;5074;Bender, Johnson and Brown;31495535;16;2009;Action
Cross-platform explicit workforce;Kristin Roberts;4950;Harris, Zavala and Rivera;94800324;17;1997;Action
Up-sized leadingedge product;Cynthia Martinez;4287;Smith PLC;47188734;13;2010;Comedy
Synergistic optimal ability;Judith Evans;8219;Wilson and Sons;30131990;10;2014;Action
Quality-focused uniform workforce;Gary Owens;4929;Stevenson Group;38547513;22;2010;Action
Up-sized modular capability;Cynthia Smith;6255;Fuller Group;72348116;18;1976;Action
Optimized 4thgeneration framework;Kristin Mckee;6482;West PLC;36655177;16;2008;Action
Profit-focused attitude-oriented matrix;Amy Bailey;3649;Peterson, Weaver and Gilbert;48585555;8;1979;Comedy
Seamless analyzing frame;Reginald Roman;4791;Wilkins, Williams and Vaughan;7473932;16;2007;Thriller
Adaptive next generation support;Bryce Carr;6809;Murphy Inc;70424576;23;2000;Thriller
Reverse-engineered intermediate Internet solution;Logan Roberts MD;6574;Norman Inc;91672080;19;2001;Comedy
Secured methodical groupware;Sandra Garner;5491;Martin LLC;62425113;21;1988;Action
Synergistic global artificial intelligence;Hannah Lewis;7067;Barton-Macias;55690412;16;1985;Thriller
Organic 6thgeneration capacity;Billy Andrade;6307;Taylor, Adams and Holt;67892571;18;1999;Thriller
Universal encompassing migration;Catherine Anderson;3791;Wilkinson and Sons;34276887;1;2019;Action
Stand-alone tertiary methodology;Caitlin Nelson;6247;Edwards-Morgan;27557885;5;2000;Comedy
Monitored interactive attitude;Sarah Johnson;6938;Hamilton, Gardner and Guerra;98294905;16;2000;Thriller
Mandatory homogeneous open system;Eric Stephenson;7220;Page-Roberts;8225002;13;1976;Drama
Focused composite neural-net;Rebecca Lester;4805;Martinez-Mendoza;600986;18;1999;Thriller
Persevering bottom-line architecture;Sean Harris;3729;Mayer-Decker;61620562;21;1983;Comedy
Organic 24/7 Internet solution;Karen Smith;7815;Vance Inc;35857770;1;1990;Comedy
Multi-tiered 6thgeneration approach;David Williams;5558;Sanchez Group;74416397;8;1989;Drama
Upgradable global secured line;Danny Woodward;4052;Baker, Clarke and Pierce;76382257;18;2001;Comedy
Customizable object-oriented adapter;Kevin Evans;8111;Dodson LLC;17141364;20;1988;Comedy
Reactive foreground algorithm;Joseph Simmons;4297;Williams, Cruz and Cooper;62062976;2;1979;Drama
Phased well-modulated intranet;Garrett Stevenson;3680;Cook Ltd;62279445;22;1988;Action
Monitored stable paradigm;Jeffrey West;6452;Roberts-Rodriguez;84830972;20;2010;Thriller
Ergonomic systematic task-force;Sean Watson;6067;Mccormick-Howard;33468016;7;1976;Drama
Vision-oriented user-facing infrastructure;Jamie Sanchez;7557;Weber-Higgins;10984414;18;1987;Drama
Persevering user-facing open system;Jeffery Dennis;4016;Welch PLC;39214349;4;1970;Action
Persistent tertiary service-desk;Kathleen Huang;4717;Brooks PLC;94045372;13;2005;Thriller
Public-key regional core;Kim Christensen;7182;Gregory, Lewis and Gonzalez;53187284;11;1987;Drama
Versatile reciprocal data-warehouse;Troy Baker;3985;Meyer, Thompson and Gay;91379470;22;2020;Drama
Automated context-sensitive moratorium;James Rice;6357;Richards, Wright and Turner;74712681;8;2009;Drama
Optional background policy;Christopher Combs;8165;House, Mendoza and Perry;58156762;1;1979;Drama
Exclusive holistic collaboration;Laura Day;4450;Meyer-Bell;71073660;11;2015;Comedy
Customizable motivating database;Hector Riley;5863;Vega-Spencer;81072079;17;2006;Comedy
Horizontal zero-defect Graphic Interface;Deborah Murphy;8114;Diaz and Sons;59095073;2;1982;Thriller
Sharable explicit hierarchy;Kim Shaw;4697;Holt LLC;6417985;18;1975;Drama
Enterprise-wide user-facing open system;Lucas Johnson;7310;Martinez Ltd;69222865;2;1995;Thriller
Profit-focused context-sensitive encryption;Elizabeth Davila MD;8326;Mason Group;64218178;11;2007;Action
Centralized secondary approach;Leslie Kim;5717;Johnson-Fox;35625604;4;2021;Action
Fully-configurable hybrid neural-net;Kelly Nunez;5063;Reid PLC;66752308;11;1986;Thriller
Open-source system-worthy matrix;Barbara Wolfe;4598;Wilson, Valencia and Miller;30971309;3;2000;Action
Digitized didactic customer loyalty;Dr. Trevor Silva;6512;Mclaughlin, Gomez and Evans;87712066;2;1993;Comedy
Organized mobile groupware;Mary Castaneda;8287;Alexander-Cole;43217874;5;1995;Comedy
Triple-buffered analyzing functionalities;Kenneth Martinez;4494;Shannon-Gonzalez;59257063;12;1988;Comedy
Adaptive incremental benchmark;Megan Smith;4959;Stafford-Davis;51141575;14;1989;Comedy
Ameliorated asymmetric attitude;Theodore Martinez;7295;Thomas-Murphy;98103069;12;1987;Action
Monitored regional application;Jennifer Hamilton;4867;Moon, Simmons and Hill;63685999;11;2017;Action
Triple-buffered bandwidth-monitored customer loyalty;Patrick Mckinney II;7462;Jackson-Calhoun;42692343;1;2017;Action
Innovative contextually-based matrix;Kyle Mclaughlin;6590;Schwartz-Erickson;86911398;8;2011;Drama
Ameliorated bifurcated superstructure;Jasmine Dudley;7892;Clayton Group;60933723;11;2015;Comedy
Pre-emptive regional structure;Joseph Gonzalez;7792;Arnold PLC;47893224;2;1983;Comedy
Progressive value-added installation;Lindsey Barr;6806;Buck Group;16965073;17;1992;Thriller
Self-enabling discrete service-desk;Kara Castillo;4064;Lee, Garcia and Pratt;82992205;14;1999;Comedy
Fully-configurable encompassing functionalities;Jeremiah Combs;5923;Massey-Lopez;55029770;12;2020;Comedy
Vision-oriented asynchronous firmware;Joseph Johnson;8097;Roach Inc;89905934;18;2017;Drama
Self-enabling client-driven middleware;Brandon Harris;6162;Sherman, Krause and Stuart;11939962;12;2018;Comedy
Stand-alone system-worthy hardware;Kimberly Malone;4947;Lee, Foster and Moore;32059861;20;2019;Thriller
Operative motivating Graphic Interface;Candace Phillips;3742;Smith, Maldonado and Russell;35088458;20;2000;Comedy
Triple-buffered impactful function;Tristan Torres;6591;Hall-Norton;35590211;19;1998;Drama
Compatible attitude-oriented circuit;William Ochoa;6765;Bryant, Chavez and Sellers;25338945;24;1976;Action
Down-sized asymmetric system engine;Ryan Ford;7347;Mcdonald, Washington and Jones;74706271;10;2000;Comedy
Digitized content-based ability;Dylan Hernandez;7309;Vazquez PLC;43250608;20;2003;Action
Visionary value-added flexibility;Kristina Cooper;6536;Thompson-Lynch;1106495;17;1976;Drama
Quality-focused 6thgeneration superstructure;Tom Watson;7482;Gutierrez, Allen and Jackson;42453842;5;2002;Comedy
Fundamental cohesive synergy;Erin Vaughn;8070;Miller Inc;74540682;18;1992;Action
Vision-oriented motivating ability;David Nguyen;8407;Velazquez-Rodriguez;18477721;20;1991;Action
Decentralized optimizing service-desk;Julie Davis;4504;Gonzalez-Taylor;32592059;17;1970;Action
Multi-tiered modular standardization;Donald Baker;6844;Perry, Quinn and Duran;5494383;12;1994;Action
Re-engineered even-keeled task-force;Frank Clark;6708;Bond, Warren and Bailey;88806194;5;1997;Comedy
Front-line executive capacity;Julie White;3947;Potter-Torres;49296453;13;1995;Action
Realigned didactic hub;Tammy Smith;5767;Fernandez, Hall and Sandoval;50860093;13;1977;Comedy
Multi-channeled asynchronous moderator;Dennis Hebert;8141;Roberson, Baker and Mahoney;12114907;17;1977;Action
Triple-buffered impactful system engine;Andrea Mccoy;6691;Johnson PLC;62792187;7;1983;Action
Customer-focused human-resource flexibility;Eric Wiggins;6287;Jackson-Coffey;12815641;2;2022;Drama
Streamlined cohesive flexibility;Megan Calderon;7043;Moore-Webster;27343996;6;1979;Comedy
Extended tertiary product;Christopher Jefferson;4822;Baldwin, Hansen and Orr;44351845;13;1979;Action
Ameliorated client-server functionalities;Shelley Chandler;4902;Garza Ltd;83716806;22;1984;Comedy
Self-enabling zero tolerance matrix;Daniel Wilson;6126;Love Ltd;67372637;11;2022;Drama
Switchable client-server interface;Barbara Reese;4604;Larson-Turner;51582074;1;1987;Comedy
User-centric intermediate analyzer;Stephanie Martinez;5191;Hunt PLC;44512496;3;2001;Comedy
Decentralized next generation utilization;Paul Archer;5329;Murray Inc;40941872;10;1982;Action
Devolved 5thgeneration installation;Diana Strickland;5197;Bean, Hardy and Padilla;74695666;7;2016;Comedy
Visionary real-time groupware;Leslie Moore;5288;Obrien, Robinson and Perez;37627379;14;1979;Action
Horizontal 24hour data-warehouse;Kristopher Lane;7488;Morgan Ltd;18335784;17;1973;Drama
Monitored local success;Dylan Rodriguez;4740;Johnson, Miller and Moore;2060879;7;1991;Comedy
Cross-platform eco-centric instruction set;Tiffany Smith;5907;Hernandez-Rhodes;37704438;19;1986;Drama
Enterprise-wide transitional secured line;Christine Vazquez;7208;Hunter, Smith and Burke;50603866;11;1994;Action
Enterprise-wide homogeneous middleware;Shannon Meyer;8384;Green, White and Brown;4773505;19;2020;Thriller
Integrated analyzing data-warehouse;Christy Thomas;4006;Miller PLC;7416495;2;1970;Comedy
Inverse motivating open architecture;Carl Liu;7138;Coffey, Moore and Daniels;45465994;19;2022;Thriller
Proactive exuding pricing structure;Holly Ramirez;4968;Downs-Blake;56874684;12;2013;Action
Quality-focused transitional project;Juan Wells;4367;Waters Group;37257911;3;1988;Action
Advanced uniform initiative;Christopher Green;6846;Ortiz, Waller and Smith;91725612;21;2003;Thriller
Customer-focused human-resource firmware;Christopher Bauer Jr.;4264;Skinner, Howard and Delgado;48259108;18;1993;Action
Business-focused holistic concept;Richard Jones;4530;Richardson LLC;97863108;16;1980;Thriller
Quality-focused composite orchestration;Jared Bennett;4184;Harrison, Clay and Norman;2353544;15;2016;Comedy
Right-sized incremental workforce;Shaun Cummings;4576;Kemp Ltd;80925926;15;2018;Comedy
Down-sized local functionalities;Ana Stanley;7318;Jones Group;33296966;1;1987;Comedy
Realigned impactful moratorium;Anne Perry;8235;Dawson-Mckinney;75086056;21;1982;Action
Operative modular Internet solution;Robert Chavez;7876;Medina, Ramirez and Francis;70474930;21;1987;Comedy
Implemented systemic solution;Jasmine Palmer;8193;Jones, Armstrong and Mcdaniel;58259999;7;1998;Action
Self-enabling disintermediate process improvement;Holly Brown;8019;Hill and Sons;99642519;9;1999;Drama
Horizontal secondary help-desk;Matthew Morris;4502;Taylor-Woods;22723483;17;1992;Drama
Innovative upward-trending solution;David Coleman;4871;Smith-Herrera;47445054;12;1971;Drama
Innovative systemic algorithm;Earl Green;7332;Reyes, Lopez and Odonnell;28170019;18;1994;Comedy
Enhanced foreground methodology;Laura Rocha;6598;Henderson, Martin and Johnson;51678434;2;2007;Action
Expanded zero-defect database;Nancy Dennis;4493;Carlson PLC;25100536;9;1975;Thriller
Down-sized 24/7 collaboration;Jodi White;6721;Mendez, Hancock and Odonnell;21308698;3;2007;Drama
Cross-group coherent protocol;Stephen Irwin;5170;West LLC;65934140;5;2016;Comedy
Robust national migration;Michelle Smith;5795;Blake and Sons;89324904;3;1975;Comedy
Synergized content-based challenge;Patricia Brown;5720;Jenkins, Tucker and Williams;1548987;22;1995;Action
Stand-alone uniform utilization;Samantha Jackson;7586;Mills PLC;35853700;20;1977;Drama
Sharable user-facing extranet;Lisa Mendoza;6839;Warren-Mejia;92976992;16;1985;Action
Grass-roots dedicated time-frame;Jim Rivera II;8001;Jordan and Sons;98444862;17;1983;Action
Distributed non-volatile firmware;Tammy Lewis;5650;Bell-White;66754529;3;1989;Comedy
Face-to-face static extranet;Tina Santos;7315;Sullivan, Banks and Hayes;42364682;21;1971;Drama
User-friendly encompassing synergy;Elizabeth Woods;5233;Black Ltd;98286717;21;1994;Thriller
Intuitive reciprocal emulation;Michael Williams;6769;Flores, Dalton and Bell;94474978;20;1991;Thriller
Open-source composite migration;Jeffery Hahn;7770;Hayes-Ross;12456941;6;2019;Action
Focused dynamic orchestration;Samantha Cardenas;6765;Bailey-Levine;19365949;20;2011;Comedy
Public-key regional function;Michael Michael;6347;Ward-Dudley;21163686;4;2020;Comedy
Inverse 3rdgeneration hierarchy;Tabitha Livingston;4864;James, Griffin and Fletcher;2179823;24;1984;Thriller
Monitored dedicated success;Mary Taylor;5633;Hall and Sons;96997791;9;1987;Thriller
Public-key content-based complexity;Alicia Davenport;7357;Santiago-Green;62825704;18;1990;Thriller
Digitized mobile project;Lucas Simmons;5174;Booker LLC;11050618;21;2020;Drama
Synergized next generation functionalities;Joseph Smith;5895;Arellano and Sons;68546348;23;2000;Comedy
Team-oriented upward-trending database;Misty Sandoval;8335;Miller, Reed and Mclaughlin;7541002;23;1975;Action
Monitored asynchronous Graphic Interface;Curtis Gordon;8065;Marshall-Lopez;52764811;14;1995;Thriller
Profound context-sensitive artificial intelligence;Derrick Gonzalez;8344;Kelly-Kane;60237951;13;1972;Thriller
Synchronized multi-state leverage;Mrs. Sarah Rodriguez DDS;3651;Fisher, Fitzpatrick and Chen;40225179;1;1991;Action
De-engineered cohesive collaboration;William Bradford;3774;Jones and Sons;28644490;8;2005;Thriller
Profound dedicated success;Amber Fisher;7784;Kelley Inc;85604646;8;1998;Thriller
Pre-emptive leadingedge conglomeration;Sandra Pugh;6248;Jacobson, Jackson and Waller;15020230;1;1977;Thriller
Future-proofed responsive task-force;Christine Kirk;7436;Carter-Payne;84688479;9;1977;Action
Customizable optimal contingency;Regina Moore;6433;Baker Group;52669770;6;1986;Action
Reduced eco-centric infrastructure;Justin Bowman;7731;Brown, Gallegos and Coffey;10766804;20;2006;Action
Versatile interactive concept;Christopher Morris;4043;Schultz, Hill and Hernandez;58137892;18;2021;Thriller
Quality-focused scalable alliance;Tracy Padilla;5015;Farley-Liu;91646015;23;2007;Comedy
User-friendly analyzing standardization;Scott Gray;7346;Horton PLC;16645722;2;2010;Action
Profit-focused logistical moratorium;Christine Wilson;5005;Moran and Sons;42563936;18;2013;Comedy
Multi-lateral even-keeled interface;Austin Adams;5201;Collins-Jackson;85051907;21;2015;Comedy
Centralized optimizing interface;James Williams;5968;Perez, Davis and Bates;20332216;22;2022;Comedy
Multi-tiered directional project;Tanya Potter;3840;Johnson, Gutierrez and Castillo;4167797;9;1982;Drama
Triple-buffered eco-centric leverage;William King;4375;Garcia-Rodriguez;50432886;14;2001;Drama
Upgradable even-keeled matrix;Randy Walter;7432;Pope-Williams;58055681;24;1972;Comedy
Vision-oriented zero-defect synergy;Jerry Chapman;5810;Bryant, Cain and Cowan;90994244;12;2005;Drama
Profit-focused radical implementation;Jonathan Rios;3740;Gilbert, Chapman and Martin;43059400;3;1988;Comedy
Multi-tiered exuding core;Jared Hill;4271;Sharp-Perez;13339871;8;1988;Comedy
De-engineered intermediate infrastructure;Kerry Brady;3783;Hickman, Gardner and Mcgrath;80310191;7;1998;Drama
Extended homogeneous extranet;Sharon Cordova;6450;Smith, Soto and Martin;31866551;21;1998;Comedy
Ameliorated stable service-desk;Michael Robinson;7197;Moore LLC;49748947;15;1985;Comedy
Ameliorated executive budgetary management;Jessica Smith;5265;Crosby, Tucker and Wright;41998775;10;1985;Comedy
Public-key optimal adapter;Ronald Phillips;7772;Gonzalez Ltd;50630545;22;2011;Drama
Team-oriented empowering time-frame;Kristina Cooley;7089;Collins-Mejia;34944505;20;1975;Drama
Profound reciprocal middleware;Kevin Christian;4726;Patton-Martinez;36784135;6;2019;Drama
Object-based value-added hierarchy;David Hill;8362;Decker LLC;52389566;16;2006;Comedy
Multi-lateral radical hub;Martin Rogers;5515;Leon, Case and Cruz;74281746;19;2004;Comedy
Inverse 3rdgeneration utilization;Patricia Crosby;6389;Miller, Black and Kaiser;70435380;15;1991;Drama
Grass-roots cohesive algorithm;Stacy Martinez;4217;Ortiz-Avery;24110898;18;1971;Action
Cross-platform clear-thinking knowledgebase;Jennifer Morales;5539;Holden-Hancock;49150046;5;1999;Action
Compatible real-time intranet;Julia Carney DDS;6127;Lewis Ltd;18831618;16;1983;Thriller
Public-key foreground open system;Brett Hogan;7372;Conway LLC;20010573;2;1987;Comedy
Realigned homogeneous paradigm;Jacqueline Miles;6614;Dawson-Juarez;54181784;2;1970;Drama
Automated background protocol;Natasha Jackson;8104;Zimmerman-Jackson;54069167;8;1971;Drama
Organized composite customer loyalty;Jacob Duran;8166;Pruitt Group;59570959;17;1996;Action
Secured cohesive standardization;Jose Mccoy;6883;White Group;46505664;1;2004;Thriller
User-friendly eco-centric leverage;Donald Morris;8235;Daugherty-Fisher;2505386;17;2015;Drama
Exclusive methodical throughput;Mrs. Rachel Smith;5639;Andersen, Clark and Benjamin;61941260;3;1987;Thriller
Down-sized discrete interface;Wendy Wright;3894;King Ltd;75380142;19;1997;Thriller
User-friendly tertiary software;Daniel Murphy;6191;White LLC;60559433;2;1977;Action
Exclusive mission-critical structure;Gabriel Rice;6624;Mueller, Martin and Taylor;13271261;2;1992;Comedy
Ameliorated solution-oriented firmware;Stephen Harvey;6065;Mendoza-Glenn;66162558;7;2008;Drama
Secured neutral Internet solution;Casey Buck;8216;James, Stewart and Hawkins;34291692;13;2012;Comedy
Seamless fault-tolerant paradigm;Dakota Dodson;6380;Williams Inc;85774149;14;2012;Action
Reactive mobile time-frame;Meredith Doyle;6797;Giles, Abbott and Moyer;22128592;13;2003;Comedy
Right-sized real-time database;Timothy Blankenship;5094;Castillo PLC;23420446;14;1992;Thriller
Reduced even-keeled firmware;Miguel Harrison;4138;Baxter-Garcia;86616326;14;1990;Comedy
Digitized web-enabled leverage;Brittany Gomez;6391;Hughes-Hernandez;56616313;22;1981;Action
Face-to-face hybrid moderator;Daniel Ortiz;4504;Ford-Nichols;16078295;22;1989;Thriller
De-engineered 24hour help-desk;Christopher Walters;7267;Carter-Stevenson;36392550;11;2008;Action
Future-proofed demand-driven productivity;Joseph Gentry DDS;7199;Gonzalez, Williams and Molina;17523825;12;2004;Thriller
Profound bifurcated solution;David Reynolds;8345;Johnson and Sons;92232284;18;2016;Thriller
Streamlined global concept;Daniel Ford;5321;Young, Meyer and Salazar;1297803;12;1983;Thriller
Optional radical algorithm;Michelle Johnson;6450;Barrett-Wilson;1994426;22;2017;Action
Centralized full-range support;Tina Bolton;7167;Pierce, Brown and Brown;1024410;24;2001;Comedy
Compatible discrete pricing structure;Vanessa Frank;6989;Armstrong Ltd;42290679;17;1999;Comedy
Fully-configurable bi-directional function;Mr. John Sanders MD;5897;Wagner, Rosario and Ray;2575080;20;1981;Drama
Universal coherent standardization;Kelly Ruiz;5917;Davis LLC;23203443;24;1995;Thriller
Sharable leadingedge matrix;Thomas Smith;4672;Neal LLC;2605198;1;2000;Action
Self-enabling systematic throughput;Brian Schaefer;5254;Potter-Perez;3507555;4;1994;Action
Profound directional workforce;Tiffany Gray;3743;White-Jimenez;7562733;21;2022;Thriller
Optimized tangible hardware;Beth Hawkins;5865;Wade, Taylor and Martin;47685029;1;1972;Action
Balanced even-keeled orchestration;Nicholas Buchanan;3639;Weeks Ltd;3627700;6;1988;Comedy
Sharable attitude-oriented function;Wendy Meyer;5098;Arnold and Sons;80894945;13;1997;Drama
Fully-configurable optimizing encoding;Steven Baker;5610;Turner-Cline;53316748;22;1987;Drama
Proactive tertiary budgetary management;Brittany Garcia;4217;Chen Group;4018518;2;1997;Action
Right-sized composite alliance;Elizabeth Taylor;6686;Lucas, Doyle and Bush;53366749;13;1997;Drama
Persistent object-oriented hierarchy;Samuel Meza;5575;Hill-Little;37000257;23;1970;Action
Switchable clear-thinking orchestration;Caitlin Carlson;7174;Evans-Davis;79574937;22;1984;Action
Persevering global middleware;Daniel Mullins;4703;Spencer-Cain;42426088;16;1984;Thriller
Distributed optimal system engine;Shannon Marsh;7905;Smith and Sons;36593156;21;2001;Thriller
Up-sized asymmetric utilization;Gary Blair;5489;Baker and Sons;4673825;23;1975;Comedy
Inverse interactive alliance;Ronald Mathis;6693;Cuevas, Jones and Cervantes;12879900;21;1997;Action
Networked optimal matrices;Kimberly Wright;8371;Clark Inc;33218859;11;1970;Action
Self-enabling asymmetric intranet;Ashley Parker;8331;Smith Group;13389456;6;1980;Action
Synchronized tertiary task-force;Alexander Hicks;5621;Sandoval, Hall and Thomas;14926663;6;1977;Thriller
Reduced methodical complexity;Thomas Espinoza;6810;Harris, Blake and Martinez;33273871;24;2006;Thriller
Multi-channeled fault-tolerant ability;Joseph Ellis;4748;Smith, Flores and Davis;97945467;6;2006;Thriller
Re-engineered background task-force;Erica Porter;4725;Brown, Taylor and Gardner;23255219;9;2002;Thriller
Automated 5thgeneration access;Christine Joyce;5869;Thomas-Daniels;6223617;18;2019;Comedy
Synergistic client-driven instruction set;Ronald Navarro;5432;Crawford, Carroll and Mcfarland;27477603;23;1992;Comedy
Down-sized global complexity;Andrew Andrade;4631;Harris-Rogers;56706182;20;1974;Comedy
Front-line executive throughput;Eric Rosales;3766;Smith, Hill and Hernandez;61292124;2;2001;Comedy
Automated bifurcated pricing structure;Andrea Delgado;6013;Martin-Cole;61933490;8;1986;Action
Synchronized analyzing extranet;Bruce Martin;4989;Haynes Ltd;62391210;6;2006;Drama
Future-proofed fresh-thinking concept;Jordan Rodriguez;6960;Jarvis Inc;69016809;14;1999;Comedy
Re-engineered tertiary challenge;Vanessa Vang;8361;Perry-Roberts;55479592;16;1977;Comedy
Cloned 4thgeneration info-mediaries;Claire Smith;7235;Rogers, Jones and Sloan;26514854;20;2004;Action
Future-proofed background frame;Ricardo Saunders;4139;Simmons-Gordon;7465910;11;2017;Thriller
Total optimal access;Linda Holden;6381;Hayes, Melendez and Jones;40046555;17;1985;Comedy
Up-sized global core;Jennifer Calhoun;6824;Fisher Inc;16129905;12;2005;Drama
Monitored high-level contingency;Debbie Ramos;7929;Johnson-Schultz;63646581;18;2011;Action
Face-to-face object-oriented approach;Rodney Hall;6358;Miller, Brown and Hartman;79492261;24;1987;Drama
Persevering cohesive frame;Denise Sanders;3865;Porter PLC;33215162;15;1992;Thriller
Quality-focused context-sensitive website;James Marshall;7650;Black, Roberts and Proctor;92376319;19;1979;Thriller
De-engineered dynamic neural-net;Christopher Wells;6595;Robinson, Scott and Oneill;63974362;10;1974;Comedy
User-centric leadingedge toolset;Kendra Smith;6169;Rice and Sons;10497224;10;2015;Comedy
Right-sized next generation moderator;Charles Golden;4337;Anderson, Black and Ballard;35658588;20;2001;Action
Ameliorated mission-critical paradigm;Todd Brown;4004;Kline-Webb;79826028;10;1977;Action
Inverse impactful process improvement;Perry Riley;6898;Thompson, May and Martin;38571859;11;2000;Thriller
Implemented leadingedge benchmark;Aaron Carlson;4971;Graham-Noble;76283001;2;1996;Thriller
Upgradable 3rdgeneration support;Ethan Lara;6019;Thompson-Webster;50845067;13;2012;Comedy
Devolved intangible website;Daniel Dixon;4509;Ellis, Hood and Macias;65265254;9;1972;Action
Polarized discrete infrastructure;Brian James;6508;Snow, Jones and Johnson;27333134;23;1976;Comedy
De-engineered optimal knowledgebase;Willie Sullivan;5655;Johnson, Jones and Lopez;18501707;12;1980;Comedy
Implemented high-level functionalities;David Vincent;5202;Pope, Elliott and Adams;93291750;15;2006;Drama
Diverse next generation encryption;Amber Moore;6777;Harvey, Mason and Calderon;91153195;10;1977;Action
Balanced needs-based pricing structure;Mary Patton;7464;Freeman LLC;36944460;23;2014;Comedy
Operative hybrid Local Area Network;Patricia Smith;6246;Hampton, Gutierrez and Romero;82921274;19;1978;Comedy
Horizontal eco-centric projection;Karen Dillon;5502;Fowler, Fritz and Clay;64844826;4;1973;Thriller
Profit-focused 24hour open architecture;Shawn Conner;4733;Hull Inc;29864435;5;2008;Thriller
Operative logistical portal;Tammy Aguilar;5458;Hubbard-Alvarado;28156309;2;1997;Thriller
Face-to-face actuating customer loyalty;Morgan Wallace;4804;Stuart Group;33318927;11;1981;Drama
Open-source systemic software;John Bradley;3714;Rivera-Weeks;79092849;17;2010;Thriller
Cross-platform contextually-based Graphic Interface;Anna Barr;8190;Lawrence Ltd;89387397;15;1986;Action
Switchable explicit capacity;Patricia Jones;6543;Floyd Group;81008241;16;1970;Comedy
Innovative composite moratorium;Michael Jordan;4825;Patrick-Campbell;82523361;8;2004;Comedy
Virtual full-range moderator;David King;5894;Marsh PLC;15214723;9;2009;Action
Progressive asynchronous extranet;Olivia Lee;6313;Parker, Spears and Cox;25129607;7;1991;Drama
Proactive foreground strategy;Kylie Roberts;4765;Thompson, Williams and Klein;12830419;1;2019;Action
Devolved optimizing initiative;Stephen Wu;6291;Dixon and Sons;35960547;20;1989;Drama
Exclusive mobile architecture;Tanya Montgomery;4196;Thompson-Holt;69942001;20;2003;Action
Cloned asymmetric middleware;Jonathan Garcia;4943;Ferguson Inc;41906072;10;1991;Drama
Future-proofed asynchronous portal;Lisa Payne;6703;Boyd, Dean and Johnson;75900474;5;2019;Comedy
Multi-channeled value-added forecast;Cheryl Jackson;5812;Mahoney Group;6198871;13;1993;Comedy
Phased fault-tolerant leverage;Robert Hayes;6053;Ray LLC;46335924;7;1970;Drama
Total impactful structure;Tiffany Carroll;5457;Hogan Group;74060251;17;1980;Drama
Optimized grid-enabled help-desk;Shannon Doyle;5744;Hayes, Foster and Barker;18629377;21;2020;Thriller
Stand-alone static initiative;Michael French;5777;Armstrong Inc;29932005;13;2020;Thriller
Optimized 24/7 framework;Rebecca Black;4145;Ferguson-Davis;87905396;24;1987;Action
Adaptive asynchronous support;Jessica Ramos;5808;Turner-Terry;95563172;10;2006;Drama
Seamless leadingedge protocol;Vanessa Mclean;5152;Richardson-Dixon;39485222;10;2011;Comedy
Advanced national open system;Jeff Hughes;7830;Barber Inc;320449;16;2012;Thriller
Ergonomic demand-driven Graphical User Interface;Mr. George Hawkins;3799;Campbell-Griffith;47148091;15;1979;Comedy
Fully-configurable user-facing database;Daniel Mills;8372;Jones-Koch;19796636;19;1973;Comedy
Proactive web-enabled moderator;Casey Strong;4760;Burgess LLC;42414684;16;2017;Action
Customizable tangible framework;Brian Evans;7495;Johnson-Garcia;9403090;24;1972;Action
Synergistic fresh-thinking intranet;Abigail Owens;4060;Sandoval Inc;91496121;19;1983;Comedy
De-engineered actuating analyzer;Tiffany Curry;3981;Brown-Green;94562568;2;2016;Thriller
Phased encompassing complexity;Joshua Weaver;7848;Marks-Brady;15127905;2;1995;Thriller
Networked demand-driven utilization;Stephen Martin;5978;Jones-Hicks;74245319;1;2018;Drama
Phased even-keeled leverage;Brett Berry;6948;Becker, Hart and Nelson;4116947;12;2021;Drama
Enterprise-wide discrete model;Miguel Solis;6169;Walker, Rice and Gutierrez;52797394;21;1987;Thriller
Decentralized context-sensitive moderator;John Nguyen;6672;Garcia-Anderson;92552038;4;1996;Thriller
Business-focused scalable budgetary management;Mary Spencer;3890;Moore Inc;68324209;19;1991;Action
Phased web-enabled Graphic Interface;Jennifer Madden DVM;3996;Peck-Rodriguez;47229761;1;1976;Action
Implemented mobile paradigm;Sharon Roberson;7803;Rodgers and Sons;18056132;17;2013;Thriller
Triple-buffered systemic utilization;Mark Castaneda;7591;Turner-Oconnell;66461531;2;2015;Thriller
Advanced reciprocal capability;Jane Sanchez;3870;Peterson-Soto;6775863;2;1972;Thriller
Persevering bandwidth-monitored throughput;Caleb Hart;6242;Martin-Anderson;66512781;11;2001;Thriller
Ergonomic encompassing functionalities;Samantha Mccoy DDS;3802;Davis PLC;93253146;5;2017;Action
Business-focused heuristic data-warehouse;Eric Russell;4254;Stokes, Newton and Santiago;53995152;23;2004;Thriller
Balanced analyzing emulation;Rhonda Shepherd;6222;Lin, Wilson and Thomas;30517980;17;1982;Thriller
Open-source 6thgeneration algorithm;Leslie Sandoval;4919;Davis, Osborn and Aguirre;28096966;14;2015;Thriller
Reduced intangible neural-net;Tara Roberson;7697;Allen PLC;63869421;17;1995;Thriller
Seamless logistical task-force;Scott Friedman;3891;Brown-Wilson;91105097;11;2015;Action
Pre-emptive modular solution;Alexandra Graves;4746;Johnson PLC;35992011;24;1998;Comedy
Grass-roots coherent capability;Stephen Hill;3872;Palmer-Gregory;68442152;5;2020;Drama
Total empowering flexibility;Hector Lee;4206;Stanley, Hansen and Serrano;65704599;16;1990;Comedy
Optional solution-oriented initiative;Jill Morris;7151;Miller, Hunter and Contreras;75936452;22;1984;Drama
Future-proofed web-enabled concept;Kimberly Morris;4897;Richardson, Soto and Greene;53133921;2;1986;Comedy
Triple-buffered systemic Local Area Network;Yvonne Ramsey;6167;Davis Inc;28052232;8;2018;Thriller
Cross-group zero administration help-desk;Jasmine Ward;8335;Larson, Jackson and Green;49342571;20;1994;Action
Synchronized exuding moratorium;John Davis;7488;Brown, Vega and Rodriguez;79110314;1;2004;Comedy
Optional neutral Graphical User Interface;Michelle Hardy;4532;Sullivan-Taylor;96746941;11;2010;Thriller
Ameliorated encompassing initiative;Meghan Carroll;6791;Moore-Williams;63798073;14;1989;Drama
Mandatory actuating intranet;Chelsea Beard;7877;Alexander PLC;9225547;20;1982;Thriller
Organic holistic framework;Deborah Johns;6922;Keller, Garcia and Fox;46284810;1;1993;Thriller
Exclusive eco-centric customer loyalty;Brian Roth;6954;Stout, Herman and Atkinson;13973706;6;1986;Action
Multi-layered uniform monitoring;Rebecca Johnson;6280;Brooks-Watts;12907974;13;1978;Thriller
Polarized needs-based project;Christine Thompson;6710;Solis Ltd;80671109;21;1999;Comedy
Down-sized incremental attitude;Ralph Thomas;3978;Clark-Young;78445488;14;2022;Drama
Versatile background workforce;Stanley Harris;7638;West, Adams and Harrell;17858388;7;1975;Action
Persistent modular Local Area Network;Cheryl Hays;6115;Mitchell, Hill and King;93911215;13;1970;Drama
Devolved holistic attitude;Adam Anthony;4081;Fuentes-Turner;31387095;9;1994;Drama
Horizontal modular extranet;Dawn Hill;6928;Ramirez Ltd;53398563;3;1978;Comedy
Persistent empowering utilization;Taylor Williams;5538;Holloway, Andrews and Barron;59146631;16;2007;Drama
Exclusive zero administration complexity;Ricardo Weeks;5453;Roberts-Evans;13963790;9;2018;Action
Progressive attitude-oriented interface;Sarah Schmidt;6379;Carter-Velazquez;37566824;3;1985;Action
Robust clear-thinking frame;Jacqueline Owens;6109;Williams-Gonzalez;97251617;22;1977;Comedy
Extended bandwidth-monitored conglomeration;Heather Brown;8090;Beck, Maynard and Villanueva;20831784;24;1985;Action
Operative modular productivity;Mrs. Brittney Thomas;6139;Kaufman-Goodman;6763262;5;1990;Drama
Switchable background firmware;Max Walsh;4675;Potts and Sons;95546424;4;2011;Comedy
Team-oriented client-driven secured line;Mark Nguyen;5553;Ray-Freeman;84230734;16;2017;Action
Compatible uniform interface;Elizabeth Garza;8086;Ward, Howell and Turner;56423488;10;2009;Thriller
Synergized intangible intranet;Derrick Ho;6155;Munoz, Jimenez and Hancock;38592175;21;2020;Thriller
Optional zero administration circuit;Lisa Ward;5439;Jones-Charles;81865518;4;1981;Thriller
Integrated upward-trending product;Kelly Nguyen;5535;Hill and Sons;59071126;22;2014;Drama
Managed tertiary architecture;Brian Gill;8409;Joseph-Howard;31028463;22;2007;Thriller
Versatile full-range hardware;Rebecca Allen;4339;Ward-Tate;37906497;18;1997;Thriller
Quality-focused solution-oriented open architecture;Christopher Garrett;8092;Stewart-Robinson;86068889;22;1970;Drama
Public-key human-resource knowledgebase;Rebecca Jenkins;6112;Adams, Hutchinson and Davis;41678044;5;2000;Action
Proactive 3rdgeneration website;Keith Skinner;5914;Vaughn-Castro;70472251;1;1982;Comedy
Front-line fresh-thinking archive;Kim Russell;8290;Smith, Le and Richardson;76752672;14;1985;Drama
Balanced responsive architecture;Michael Reyes;6760;Smith-Odonnell;44226552;24;1974;Thriller
Triple-buffered needs-based solution;Linda Bowman;5606;Cruz, Moore and Jones;23345232;8;1985;Comedy
Versatile secondary moderator;Gregory Garrett;8409;Russell Inc;65720491;16;1980;Comedy
Inverse 24/7 flexibility;Mary Church;4095;Adams, Friedman and Kelly;49725375;16;1980;Thriller
Sharable intangible hierarchy;Jody Solomon;6195;Carter, Anderson and Singh;34504224;11;1979;Drama
Realigned encompassing infrastructure;Alex Anderson;6606;Peterson-Lynch;15793910;9;1996;Thriller
Reverse-engineered modular conglomeration;Vanessa Reyes;4808;Dominguez LLC;63614016;15;1990;Thriller
Open-architected needs-based utilization;Levi Nguyen;8239;Singleton, White and Vega;73473418;24;1979;Thriller
Stand-alone disintermediate project;Kevin Hernandez;6915;Wilson, Hudson and Miller;65180272;10;1994;Action
Re-contextualized full-range project;Theresa Estrada;3729;Davidson-Taylor;6716684;9;2014;Comedy
Universal actuating complexity;Crystal Williams;4494;Poole-Smith;99642013;13;2008;Drama
Robust secondary capacity;Amy Warner;3695;Mejia Inc;6995851;24;1993;Thriller
Ameliorated client-server migration;Jessica Bailey;7455;Fuentes and Sons;2977426;4;1983;Thriller
Reduced impactful implementation;Daniel Simmons;8114;Acosta Ltd;98503027;13;2004;Drama
Monitored asynchronous focus group;Johnathan Hill;7256;Mclaughlin, White and Gonzalez;90530891;5;1988;Drama
Distributed zero tolerance focus group;Justin Bridges;6538;Sharp and Sons;71295647;13;2018;Comedy
User-friendly empowering archive;Dakota Brewer;4078;Patterson PLC;21281829;5;1973;Thriller
Universal fresh-thinking array;Dana Russell;4526;Smith LLC;82568381;4;1992;Drama
Versatile 4thgeneration hardware;Ronald Hendricks;5188;Green LLC;15993328;24;1982;Thriller
Profound value-added conglomeration;Jennifer Cannon;5837;Kelly, Gardner and Simmons;33454356;5;2021;Comedy
Devolved scalable policy;Dean Mason;7978;Moses Group;52833195;23;2013;Thriller
Virtual grid-enabled hub;Jeffrey Miller;5464;White, Coleman and Peters;62813795;24;1982;Drama
Focused systemic support;Gregory Johnson;4388;Gray-Campbell;72346126;13;1994;Thriller
Customer-focused 24hour data-warehouse;Susan Murphy;6100;Nelson, Yang and Sampson;61789805;24;2018;Thriller
Front-line dynamic neural-net;Sydney Lee;4403;Parker, Robinson and Knight;51358002;22;1998;Drama
Exclusive executive synergy;Shannon Bird;4413;Stone, Callahan and Floyd;13821228;24;1982;Drama
Programmable system-worthy focus group;Isaiah Carter;3771;Williams Inc;82232101;9;1971;Action
Streamlined well-modulated implementation;Daniel Berg;7269;Carter, Crawford and Henson;43498180;21;2013;Action
Team-oriented 24hour throughput;Jennifer Brown;6753;Hill LLC;20273553;4;2009;Action
Profound radical architecture;Sherry Bennett;6334;Wong LLC;57778065;11;1990;Comedy
Multi-channeled homogeneous projection;Elijah Horton;7709;Morris Ltd;67156634;18;1994;Action
Right-sized heuristic conglomeration;Scott Walker;7740;Walters LLC;69689289;2;1978;Thriller
Expanded clear-thinking structure;James Parker;6703;Bell-Mercado;60780341;1;2005;Thriller
Secured upward-trending archive;Jacqueline Schmitt;6288;Anderson LLC;68623613;6;2017;Action
Devolved systemic Internet solution;Erik Reed;6059;Carlson, Nolan and Thomas;79185459;10;1976;Action
Secured leadingedge Graphical User Interface;Philip Harper;6495;Clark-Lloyd;49847021;8;1977;Comedy
Profound 6thgeneration productivity;Beth Moses;4442;Hubbard, Baker and Gallegos;77531757;17;1983;Drama
Cross-group full-range database;Steven Beltran;6589;Lambert Inc;98608155;18;1992;Drama
Business-focused 24hour moderator;Cynthia Harris;7958;Jackson, Walters and Schultz;65105823;4;1992;Action
Ameliorated multi-state budgetary management;Christopher Medina;6168;Wilson PLC;89753415;8;1979;Thriller
Team-oriented secondary infrastructure;Wendy Lawrence;8259;Howard Inc;83046145;1;1997;Comedy
Automated regional customer loyalty;Ronald Adams;8142;Becker-Sosa;45108512;5;1998;Drama
Fully-configurable local access;Daniel Walls;7335;Smith-Curtis;54950953;11;1995;Comedy
Devolved multi-tasking contingency;Robert Frazier;7638;Ward, Davidson and Moran;46553728;13;1990;Thriller
Reduced logistical policy;Renee Wong;4805;Russell-Wade;76106250;6;2012;Action
Ameliorated heuristic task-force;Pamela Barry;7574;Zuniga, Guerrero and Garcia;47226922;9;2007;Comedy
Enterprise-wide heuristic budgetary management;Stephanie Warren;7718;Patel, Rivera and Kennedy;4703399;21;2011;Thriller
Profit-focused object-oriented encryption;Diane Lewis;5786;Kline-Mason;17626100;4;1983;Comedy
Optional systemic conglomeration;Andrea Beasley;3615;West-Steele;50947200;3;1999;Thriller
Managed static frame;David Hunter;4066;Hernandez Group;97614963;17;2002;Drama
Polarized maximized toolset;John Castillo;7792;Ortiz-Ashley;74564608;18;2007;Thriller
De-engineered asymmetric complexity;Dale Mcintyre;6745;Gamble, Nguyen and Marks;77616302;5;2010;Drama
Profit-focused bi-directional Graphic Interface;Ashley Gomez;3991;Thornton Group;38781047;15;2005;Drama
Multi-channeled client-server system engine;James Brewer;4711;Smith Inc;16095420;15;2010;Action
Advanced impactful frame;Daniel Valentine;3853;Cunningham and Sons;39273929;20;1999;Drama
Quality-focused secondary emulation;Cynthia Lynch;4968;Brown-Romero;76281736;12;1997;Comedy
Extended full-range monitoring;Laurie Foster;4591;Jennings Ltd;55246945;9;2021;Comedy
Mandatory uniform adapter;Anna Taylor;6665;Torres Inc;54820558;3;1992;Drama
Decentralized discrete knowledgebase;Karen Williams;7924;Smith-Torres;91597107;1;2014;Action
Future-proofed 24/7 project;Kimberly Torres DDS;5438;Rogers, Johnson and Hunter;22227757;1;1987;Action
Compatible 6thgeneration flexibility;Matthew Norton;4603;Kidd-Hoover;67255357;8;2004;Comedy
Compatible foreground service-desk;Andrea Brooks;7842;Smith Inc;10894921;19;2016;Comedy
Streamlined static standardization;Lindsey Lawson;8260;Reynolds and Sons;7571324;4;1986;Thriller
Cross-platform empowering customer loyalty;Sonya Boyer;5931;Willis, Reeves and Burton;96512235;11;1980;Action
Multi-lateral maximized approach;Angela Franco;6956;Richardson, Brooks and Pena;30900035;10;1981;Drama
User-friendly intangible encoding;Jose Smith;7828;White, Cross and Russell;51320267;16;1997;Thriller
Enterprise-wide client-server time-frame;Keith Adams;5645;Watson, Jones and Allen;76310195;6;1988;Action
Enterprise-wide context-sensitive open architecture;Shannon Stephens;7903;Roberts Group;51370941;10;1973;Action
Programmable clear-thinking Local Area Network;Jerry Farmer;7894;Chandler, Peterson and Sanchez;10921311;22;1995;Thriller
Open-source multimedia support;Nancy Mccall;5885;Watkins-Leonard;98534856;20;1976;Comedy
Intuitive dynamic hardware;Shannon Russell;4982;Perez LLC;51160435;13;1982;Thriller
Face-to-face foreground definition;Latasha Walker;5887;Soto Inc;5975930;13;1988;Action
Polarized optimizing system engine;John Turner;6789;Moreno LLC;63955548;19;2007;Action
Extended national budgetary management;Joshua Dean;7327;Perez, Berry and Miller;23483924;16;1980;Action
Implemented high-level open system;Isaiah Roman;8440;Collins-Simon;62097623;15;1971;Comedy
Advanced client-server system engine;Andrew Morgan;5440;Lee LLC;95408107;9;1974;Drama
Re-engineered scalable encryption;Mr. Chad Collins;6200;Morales-Nelson;60277353;16;1980;Drama
Self-enabling actuating orchestration;Stephanie Clark;7575;Johnson-Joyce;10456162;9;1984;Action
Intuitive secondary functionalities;Cristian Atkins;7373;Thompson, Heath and Hill;22932709;9;1998;Action
Configurable analyzing array;Jonathan Williams;8212;Maldonado, Campbell and Green;64165576;4;2018;Thriller
Managed asymmetric project;Jeffrey Bradshaw;8089;Martinez, Martin and Lambert;4588364;19;1983;Thriller
User-friendly client-driven process improvement;James Martinez;5171;Reyes and Sons;23085750;20;1973;Comedy
Multi-layered bifurcated capability;John Goodwin;5108;Jackson LLC;71763335;13;2022;Thriller
Reduced radical moderator;Virginia Galvan;4717;Jones, Thompson and Chavez;5051347;7;1997;Thriller
Proactive context-sensitive approach;Wanda Lawson;5446;Wolf, Chapman and Nunez;74569955;20;2021;Comedy
Reverse-engineered empowering budgetary management;Sarah Townsend;5983;Riddle, Smith and May;65726058;15;2014;Comedy
Public-key didactic encryption;Rodney Miller;8205;Williams-Morgan;15981907;16;1988;Comedy
Programmable multi-tasking capacity;Katherine Estes;7864;Fox, Rogers and Arnold;43414960;23;1989;Comedy
Progressive heuristic middleware;Shannon Norris;4508;Lester, Salas and Price;53082660;9;2013;Comedy
Automated systematic projection;Denise Sherman;5740;Nolan, Taylor and Cardenas;30682487;9;2009;Comedy
Monitored 5thgeneration utilization;Mary Ray;3619;Jordan, Hall and Gregory;86256199;5;2002;Action
Up-sized bandwidth-monitored flexibility;Douglas Beard;7476;Castillo PLC;468548;15;2020;Drama
Upgradable object-oriented strategy;Carol Atkins;5222;Mcgee, Watkins and James;31919560;24;1993;Thriller
Advanced user-facing open architecture;Lydia Daniel;7057;Reynolds, Lowery and Farmer;59484824;5;1986;Comedy
Upgradable optimal ability;Jason Newman;7010;Horton, Campbell and Johns;22500121;16;1999;Comedy
Implemented demand-driven Graphic Interface;Johnathan Martin;5204;Nguyen-Michael;13979760;9;1980;Comedy
Function-based 5thgeneration moratorium;Matthew Powers;7924;Ferguson and Sons;80888315;16;1980;Thriller
Fully-configurable upward-trending process improvement;Alyssa Hernandez;5571;Phillips, Torres and Sanders;71259353;7;1972;Thriller
Seamless composite conglomeration;Tiffany Washington;4779;Martinez, Collins and Parks;29134435;24;1975;Comedy
Reduced responsive pricing structure;Joseph Ramos;3775;Ellison, Kelly and Aguilar;12865372;13;1972;Drama
Automated asymmetric emulation;Edward Simpson;7524;Payne, Holmes and Shaw;63827923;24;2018;Drama
Mandatory didactic help-desk;Karen Willis;5720;Roman, Maddox and Burton;93998241;21;1985;Drama
User-friendly asynchronous software;Rodney Snyder;3927;Little, Yang and Miller;10654886;20;2017;Thriller
Synergized contextually-based portal;Katelyn Gordon;8371;Lopez PLC;89641625;1;1985;Action
Devolved dynamic implementation;John Jones;5129;Myers-Peterson;12046696;5;1983;Thriller
Realigned exuding support;Linda Wilson;4485;Velasquez, Mason and Kennedy;37995815;18;2015;Comedy
Ameliorated tertiary info-mediaries;Thomas Herring;8455;Jackson-Gordon;78984659;17;2019;Comedy
Reduced radical encryption;Stacie Gonzales;7292;Miller, Nichols and Thomas;97264615;17;2022;Drama
Innovative holistic frame;Michelle Koch;5208;Pierce LLC;55520566;8;2001;Action
Enhanced real-time software;Anthony Bailey;8161;Black-Schmidt;98311840;22;2011;Drama
Down-sized regional knowledge user;Martin Chapman;3886;Martin-Cook;37425381;18;2005;Comedy
Fundamental national matrices;Angela Zhang;4260;Brown-Brown;50510189;5;1997;Drama
Multi-lateral client-driven process improvement;Mr. Ricardo Dickerson;6082;Lyons, Guerrero and Sosa;32626421;24;1998;Thriller
De-engineered web-enabled info-mediaries;Rebecca Roy;3613;Ramirez PLC;15267071;13;2012;Action
Customer-focused user-facing capability;Tyler Morrison;4167;Martin-Chang;90676404;19;1973;Action
Visionary full-range hardware;Casey Dominguez;4986;Cook, Odom and Price;27088069;13;1979;Comedy
User-friendly fault-tolerant neural-net;Michael Brown;3860;May-Sanchez;4479064;12;1980;Thriller
Cross-group full-range matrices;Lindsey Bailey;5750;Nelson Ltd;41780707;15;1971;Action
Organic needs-based functionalities;Vicki White;5276;Scott, Bennett and Gutierrez;36292697;23;1982;Drama
Profound web-enabled archive;Christine Gillespie;4792;Martin, Oneal and Evans;20149936;7;1996;Comedy
Horizontal hybrid database;Matthew Patton;3789;Caldwell, Long and Mahoney;39078781;19;1999;Thriller
Quality-focused user-facing Internet solution;Christopher Hogan;7150;Clayton and Sons;96172426;17;1970;Comedy
Cloned needs-based toolset;Kelli Horne;8085;Frank LLC;95945432;17;2008;Thriller
Progressive eco-centric strategy;Jessica Roberson;7446;Brown Ltd;35705367;21;2006;Thriller
Right-sized multi-tasking budgetary management;Gregory Ware;7965;Russell Inc;20458543;21;2017;Thriller
Vision-oriented well-modulated core;Kathleen Sims;5043;Vasquez, Juarez and Fowler;66741114;15;2012;Thriller
Enterprise-wide disintermediate intranet;Jennifer Foster;7962;Dixon and Sons;1642414;16;2006;Action
Diverse scalable Local Area Network;Russell Smith;4875;Holloway-Proctor;75158146;8;2002;Thriller
Re-engineered bandwidth-monitored benchmark;Miguel Morales;7642;Howard Ltd;39401418;10;2015;Comedy
Versatile national conglomeration;Scott Cruz;8049;Thompson-Brown;19204700;6;1993;Action
Self-enabling modular initiative;Joseph Hill;7684;Collins, Neal and Adams;83434910;16;1979;Thriller
Up-sized well-modulated complexity;Thomas Yang;6436;Soto, Johnson and Anderson;99754596;8;2021;Drama
Organized coherent synergy;Mark Snyder;5790;Olson-White;12385889;3;1977;Thriller
Universal multimedia knowledgebase;Rebekah Salazar;6742;Parker and Sons;54431666;23;2011;Comedy
Organic attitude-oriented project;Cameron Bean;5970;Ward-Williamson;24379845;10;1996;Drama
Universal zero-defect info-mediaries;Anthony Newton;4748;Collins, Johnson and Brooks;35495276;6;2016;Thriller
Diverse scalable array;Teresa Castillo;6357;Patel and Sons;39530156;16;2001;Drama
Stand-alone 24hour info-mediaries;Christopher Lester;6659;Williams-Rocha;83858966;9;2021;Comedy
Diverse 4thgeneration structure;Christopher Gonzalez;6097;Morton, Cunningham and Silva;42184422;15;2011;Drama
Total client-server initiative;Hannah Rangel;4648;Deleon-Lee;46747061;16;2022;Comedy
Profound global complexity;Alexa Romero;5812;Gonzalez, Hayes and Mills;11802769;6;2021;Comedy
Versatile cohesive moratorium;John Patel;4694;Cox-Atkins;33906123;10;1984;Comedy
Triple-buffered client-server archive;Thomas Phillips;6183;Hendrix-Harris;47688620;20;1992;Comedy
Open-source fresh-thinking Internet solution;Megan Pope;5995;Montoya LLC;16173627;17;2010;Drama
Integrated neutral project;Walter Schultz;4071;Patel-Meza;20852577;2;2012;Drama
Stand-alone composite definition;Dr. Patricia Greene DVM;7454;Brock, Hayes and Pineda;30910729;21;1994;Drama
Persevering mission-critical middleware;Dr. Jennifer Allen DVM;7452;Jackson, Goodwin and Young;68436448;20;2019;Drama
Phased content-based knowledge user;Crystal Carrillo;8452;Rhodes Inc;84519921;24;1984;Thriller
Optimized encompassing moratorium;Alison Wright;7135;Palmer, Davis and Todd;29345535;9;2011;Thriller
Realigned cohesive definition;Wesley Wilson;8363;Moore LLC;64051567;20;1993;Drama
Grass-roots exuding parallelism;Christian Gill;4698;West, Nguyen and Smith;10765431;17;2021;Thriller
Proactive high-level flexibility;Dr. Thomas Gomez MD;4336;Smith-Nelson;61086252;24;1992;Drama
Enhanced directional encoding;Isaiah Mcdonald;4496;Snyder Group;48979354;24;1997;Thriller
Triple-buffered foreground groupware;Cameron Christian;4072;Herrera-Neal;15450628;18;1997;Comedy
Self-enabling stable firmware;Jennifer Mcdaniel;3633;Morgan Group;90747460;11;1989;Comedy
Enterprise-wide next generation frame;Karen Miranda;4640;Santiago-Dawson;56470771;8;2017;Drama
Proactive object-oriented customer loyalty;Craig Williams;5620;Fisher, Gibbs and Tyler;9447311;7;2021;Action
Seamless bandwidth-monitored instruction set;Jerry Hester;5392;Powell, Wall and Lamb;64484848;12;1981;Thriller
