"id_actor";"nombre";"apellido";"edad";"genero"
4001;Matthew;Bennett;55;m
4002;Ana;Maldonado;61;o
4003;David;Estrada;53;m
4004;Michael;Riley;56;o
4005;Victoria;Fox;29;m
4006;Bethany;Stein;61;f
4007;Alex;Little;26;f
4008;Melissa;Dudley;41;f
4009;Lisa;Mcdaniel;36;f
4010;Gabrielle;Johnson;31;f
4011;Tina;Salazar;37;f
4012;Steven;Miller;37;o
4013;Stephen;Lawrence;54;f
4014;Ronald;Williams;50;m
4015;Shawn;Butler;53;o
4016;Jesse;Cervantes;37;o
4017;Justin;York;52;m
4018;Julie;Miller;67;f
4019;Deborah;Mendez;59;f
4020;Justin;Trujillo;37;m
4021;Beverly;Kidd;52;f
4022;Bonnie;Smith;43;f
4023;John;Sutton;77;m
4024;Kyle;Garcia;27;m
4025;Jeffrey;Decker;31;o
4026;Elizabeth;Richardson;25;m
4027;Louis;Jones;80;f
4028;Laura;Perez;39;o
4029;Mark;Taylor;22;f
4030;Adriana;Walker;46;f
4031;Vanessa;Brown;30;o
4032;Stephanie;Clark;52;m
4033;John;Ball;80;m
4034;Amber;Smith;28;o
4035;Randall;Burton;19;o
4036;Heather;Young;59;o
4037;Aaron;Scott;45;m
4038;Ashley;Thompson;59;o
4039;Richard;Taylor;74;m
4040;Andrea;Green;78;f
4041;Kristin;Giles;77;o
4042;Kayla;Burch;28;f
4043;Justin;Beard;41;m
4044;Blake;Ward;65;m
4045;Jennifer;Patterson;75;f
4046;Julie;Davidson;18;o
4047;Jeffrey;Knight;57;o
4048;Amanda;Cox;77;o
4049;Charles;Saunders;31;o
4050;Nancy;Simpson;49;m
4051;Ryan;Long;29;o
4052;Karen;Fry;74;m
4053;Jose;Russell;68;m
4054;James;Herrera;46;m
4055;Robert;Thompson;25;f
4056;John;Campbell;59;o
4057;Derrick;Hill;64;f
4058;Alexis;Lopez;68;o
4059;Brian;Zimmerman;23;o
4060;John;Jensen;30;f
4061;Adam;Hood;49;f
4062;Cody;Bautista;22;m
4063;Jill;Miller;31;o
4064;Thomas;Robinson;50;o
4065;Eric;Gibson;64;m
4066;Richard;Hughes;51;o
4067;Christopher;Lynch;39;f
4068;Patrick;Johnson;47;o
4069;Anthony;Knight;39;f
4070;Sharon;Dean;55;m
4071;Jennifer;Hoover;61;m
4072;John;Porter;74;f
4073;Sean;Lee;70;o
4074;Monica;Brandt;27;m
4075;Michelle;Livingston;18;f
4076;James;Morris;74;m
4077;Amy;Rowland;77;m
4078;John;Baker;22;m
4079;Timothy;Peterson;79;m
4080;Jeanne;Perez;41;m
4081;Eric;Schaefer;69;m
4082;Alicia;Rose;73;m
4083;Rachel;Hancock;37;o
4084;Mary;Dickerson;57;f
4085;Eric;Parks;41;m
4086;Justin;Kelly;68;m
4087;Angela;Miller;31;f
4088;Albert;Shepherd;64;o
4089;Emily;Grimes;47;o
4090;Thomas;Adams;67;f
4091;Jeffrey;Howell;79;m
4092;Michael;Keith;54;m
4093;Lisa;Mcdonald;77;o
4094;Michael;Daniels;67;o
4095;James;Davies;47;f
4096;Todd;Johnson;53;o
4097;Savannah;Robinson;28;f
4098;Natalie;Garza;52;m
4099;Jeff;Diaz;40;f
4100;David;Taylor;63;o
4101;Douglas;Taylor;19;f
4102;Mary;Campbell;67;o
4103;Frederick;Johnson;29;m
4104;Lisa;Johnson;24;m
4105;Margaret;Williams;50;f
4106;Jessica;Smith;23;o
4107;Chelsea;Barnes;52;m
4108;Jeremiah;Walker;66;o
4109;Suzanne;Myers;74;m
4110;Daniel;Rivas;55;m
4111;Kyle;Faulkner;22;f
4112;Colleen;Adams;33;f
4113;Jacqueline;Gomez;49;m
4114;Tiffany;Macdonald;53;f
4115;Chad;Perez;31;o
4116;Timothy;Carey;72;m
4117;Bethany;Thomas;64;m
4118;David;Cardenas;80;o
4119;Amanda;Conley;18;f
4120;Alison;Lewis;31;f
4121;William;Holt;45;f
4122;Luis;Martin;28;f
4123;Melissa;Robinson;32;f
4124;Jack;Lane;60;m
4125;Alex;Hodge;78;m
4126;Denise;Cook;66;f
4127;Scott;Camacho;69;m
4128;Susan;Richardson;47;f
4129;Christopher;Wolfe;78;f
4130;Gregory;Dawson;31;f
4131;Bryan;Hernandez;18;m
4132;Andre;Gonzalez;28;m
4133;Samuel;Benton;19;f
4134;Anthony;Anderson;26;m
4135;Corey;Reed;51;m
4136;Kevin;Hurley;33;f
4137;Timothy;Porter;72;m
4138;Bobby;Carter;49;m
4139;Matthew;Brown;23;o
4140;Sharon;Rivera;24;m
4141;Curtis;Webb;62;f
4142;Patricia;Wilcox;19;o
4143;Gabrielle;Schwartz;46;f
4144;Melissa;Palmer;27;m
4145;Tamara;Taylor;28;m
4146;Morgan;Forbes;73;o
4147;Allison;Walker;48;f
4148;Elizabeth;Robertson;56;f
4149;David;Thomas;48;o
4150;Lisa;Lam;49;o
4151;Manuel;Coleman;18;m
4152;Angelica;Tate;67;f
4153;Andrea;Levy;48;f
4154;Roger;Hall;50;m
4155;Mary;Conley;33;m
4156;Jamie;Hill;44;f
4157;Andrew;Wilson;57;m
4158;Emily;Burns;46;o
4159;Victoria;Pugh;41;m
4160;Isabel;Neal;45;f
4161;Jake;Velazquez;53;f
4162;Taylor;Davis;64;f
4163;Darius;Tyler;72;m
4164;John;Kramer;76;o
4165;David;Thompson;18;f
4166;Joshua;Patrick;64;f
4167;Heather;Massey;23;o
4168;David;Baldwin;21;m
4169;Vincent;Mata;26;f
4170;Tonya;Newman;32;o
4171;Frederick;Bell;61;m
4172;Christopher;Ingram;24;m
4173;Ann;Golden;75;m
4174;Wendy;Stewart;35;o
4175;Matthew;Warner;26;m
4176;Lisa;Miller;66;o
4177;Joshua;Dunn;43;o
4178;Morgan;Miller;69;m
4179;John;Farley;22;o
4180;William;Sharp;18;o
4181;Christopher;Mccall;77;m
4182;Susan;Dodson;76;f
4183;Holly;Harrington;59;o
4184;Brandon;Holland;23;m
4185;Jaclyn;Harris;31;m
4186;Ann;Turner;71;m
4187;Nathan;Navarro;42;f
4188;Tommy;Butler;79;m
4189;Ashley;Harris;58;o
4190;Michael;Suarez;58;f
4191;Renee;Jones;19;o
4192;Tammy;Wells;67;o
4193;Tanya;Soto;74;o
4194;Ronald;Anderson;45;m
4195;Rebecca;Williams;63;f
4196;Shane;Castro;62;m
4197;Nancy;Sanchez;28;m
4198;Troy;Hale;26;m
4199;Robert;Ramos;71;m
4200;Joseph;Newman;58;m
4201;Ashley;Bean;77;m
4202;Jared;Vincent;26;f
4203;Mandy;Marsh;64;m
4204;Andrew;Cohen;44;o
4205;Eric;Holmes;55;o
4206;Alexander;Garcia;64;o
4207;Rebecca;Johnson;20;o
4208;Gerald;Buck;19;m
4209;Christopher;Morrison;65;f
4210;Christina;Wade;53;f
4211;Jessica;Wiggins;67;o
4212;William;Parker;74;f
4213;Tanya;Wells;57;f
4214;Gregory;Olson;55;f
4215;Rebecca;Brewer;41;m
4216;Amy;Harris;54;f
4217;James;Smith;46;m
4218;Charles;Tucker;39;m
4219;Kevin;Mckee;30;f
4220;Michael;Patterson;31;o
4221;Andrew;Evans;77;m
4222;Ryan;Osborn;45;m
4223;Roberto;Lucas;59;o
4224;Sheila;Woodard;76;o
4225;Joshua;Moss;34;o
4226;Jennifer;Duncan;40;o
4227;Jason;Gordon;75;m
4228;Michael;Duncan;51;m
4229;Aaron;Howe;76;o
4230;Steven;Torres;39;o
4231;Jerry;Miller;31;f
4232;Victoria;Smith;38;o
4233;Richard;Moore;77;m
4234;Melissa;Swanson;20;m
4235;Rhonda;Fields;52;o
4236;Chad;Miller;54;o
4237;Michael;Hayes;36;o
4238;Ralph;Gonzalez;79;f
4239;David;Wolfe;61;f
4240;Barbara;Nelson;70;o
4241;Joseph;Hall;39;f
4242;Kimberly;Chambers;74;m
4243;Jean;Murphy;55;o
4244;Christopher;Key;23;m
4245;Jeffrey;Richards;79;f
4246;Heidi;Cross;33;m
4247;Brandon;Henderson;18;f
4248;Diana;Camacho;67;m
4249;Julia;Alvarez;20;o
4250;April;Holt;73;o
4251;Andrew;Garcia;79;f
4252;Stephanie;Byrd;38;o
4253;Robert;Garza;47;m
4254;Ronald;Anderson;71;o
4255;Jose;Allen;72;o
4256;Debbie;Bailey;19;o
4257;James;Shepard;40;f
4258;Linda;Sanders;23;o
4259;Judith;Gutierrez;75;f
4260;Brandon;Mccoy;80;m
4261;Sylvia;Howard;28;m
4262;Cheyenne;Lopez;61;o
4263;Nicholas;Wilkins;44;f
4264;Robert;Gibson;43;o
4265;William;Ramirez;34;f
4266;Joseph;Rosales;29;m
4267;Maria;Fleming;68;f
4268;Kevin;Weber;48;f
4269;Justin;King;65;f
4270;Keith;Reed;40;m
4271;Anthony;Nelson;65;m
4272;Carla;Garcia;36;f
4273;Mike;Jimenez;29;m
4274;Carl;Carter;71;m
4275;Gerald;Juarez;61;f
4276;Jennifer;King;21;o
4277;William;Chavez;34;o
4278;Mary;Price;24;f
4279;Caitlin;Campbell;80;m
4280;Christina;Franklin;69;o
4281;Heidi;Cortez;69;f
4282;Danielle;Patterson;51;f
4283;Frank;Hodges;38;m
4284;Chelsea;Bradshaw;42;m
4285;Daniel;Brown;28;m
4286;Luke;Heath;19;f
4287;Mary;Pruitt;33;f
4288;Tracy;Gentry;36;o
4289;Keith;Gonzalez;41;o
4290;Laura;Vargas;70;o
4291;Devin;Hernandez;47;f
4292;Jennifer;Dickson;53;f
4293;Richard;Garcia;42;o
4294;James;Davis;73;m
4295;Stephanie;Watkins;28;o
4296;Miguel;Ross;38;f
4297;Jennifer;Mack;74;f
4298;Mark;Wilson;62;o
4299;Shelly;Bradley;31;o
4300;Ruth;Rowe;18;o
4301;Michael;Rivera;47;m
4302;Jessica;Mendoza;52;o
4303;Tiffany;Morgan;45;o
4304;Manuel;Williams;24;f
4305;Jacqueline;Mccarthy;73;m
4306;Lisa;Blankenship;59;m
4307;Tina;Harper;58;m
4308;Carlos;Holland;21;m
4309;Edwin;Stephenson;57;f
4310;Daniel;Meyers;29;o
4311;Heidi;Miller;30;o
4312;Jill;Barnes;18;f
4313;Vanessa;Jennings;62;o
4314;Rebecca;Martinez;52;f
4315;Robert;Smith;29;o
4316;Craig;Cooke;30;f
4317;Ruth;Perez;30;m
4318;James;Tran;48;f
4319;Ashley;Wallace;35;m
4320;David;Weaver;24;o
4321;Lisa;Green;52;f
4322;Kimberly;Bates;67;o
4323;Amanda;Stark;78;f
4324;Amy;Moreno;72;f
4325;David;Bryan;71;f
4326;Jenna;Mathis;61;o
4327;Janet;Perez;49;f
4328;Brianna;Lopez;78;f
4329;Aaron;Richards;71;o
4330;John;Wood;62;m
4331;Traci;Wells;49;m
4332;Kyle;Cox;55;f
4333;Austin;Davis;47;f
4334;Tammy;Stewart;80;m
4335;Emily;Hardin;26;o
4336;Savannah;Dudley;71;o
4337;Michael;Pham;65;m
4338;Jessica;Davis;45;o
4339;Keith;Aguilar;58;m
4340;Jennifer;Whitney;38;f
4341;Tiffany;Hooper;29;o
4342;Angela;Jones;18;o
4343;Calvin;Hardin;21;m
4344;Susan;Burch;39;o
4345;Emily;Solis;47;f
4346;Maria;Dodson;75;m
4347;Christopher;Jones;30;o
4348;Alexis;Barnes;44;f
4349;Michael;Perkins;55;m
4350;Natalie;Johnson;76;f
4351;Deanna;Mendoza;31;o
4352;Nicholas;Gibson;78;o
4353;Beverly;Diaz;52;m
4354;Dennis;Li;36;f
4355;Deborah;Gray;69;o
4356;Mario;Garrett;51;o
4357;Robert;White;27;o
4358;Alan;Jenkins;61;m
4359;Judith;Montgomery;30;m
4360;Roger;White;61;o
4361;Kim;Powell;78;m
4362;Heather;Hayes;38;o
4363;Natalie;Smith;19;m
4364;Diana;Blair;44;o
4365;Brenda;Perez;41;m
4366;Daniel;Dixon;22;f
4367;Carla;Richmond;18;m
4368;Christopher;Roach;35;o
4369;Rebecca;Blankenship;73;o
4370;Eric;Kim;35;m
4371;Ryan;Johnson;74;f
4372;Amber;Cortez;76;o
4373;Erica;Williams;69;m
4374;Theresa;Chan;44;o
4375;Cheyenne;Wilson;44;o
4376;Nancy;Jones;25;f
4377;Christopher;Lyons;68;o
4378;Alicia;Decker;20;m
4379;Kelly;Williams;18;m
4380;Matthew;Johnson;18;m
4381;Emma;Hickman;25;o
4382;Jennifer;Johnson;52;m
4383;Brenda;Williams;41;f
4384;Alexandra;Brown;38;o
4385;Michael;Hall;70;o
4386;Jimmy;Martinez;32;m
4387;Elizabeth;Ramirez;59;o
4388;Cynthia;Taylor;60;m
4389;Joseph;Mcclain;39;f
4390;Marie;Vaughan;37;o
4391;Dana;Hanson;77;o
4392;Tyler;Thompson;75;o
4393;Donna;Whitney;44;f
4394;Betty;Lawson;32;m
4395;Theresa;Duran;55;f
4396;Connor;Montoya;47;f
4397;John;Dunn;59;m
4398;Michelle;Sullivan;29;f
4399;Stephanie;Williams;47;m
4400;Kimberly;Johnson;22;o
4401;William;Salazar;29;f
4402;Lisa;Morgan;26;m
4403;Darlene;Rodriguez;56;m
4404;Leah;Oconnor;38;m
4405;Douglas;White;55;f
4406;Earl;Quinn;45;f
4407;Ivan;Smith;34;o
4408;Brenda;Morgan;46;o
4409;Linda;Palmer;78;m
4410;Kendra;Jones;45;o
4411;Amanda;Jones;37;f
4412;Joseph;Benson;29;f
4413;Laura;Bird;77;f
4414;Alexis;Anderson;72;f
4415;Jeremy;Farrell;58;f
4416;Hunter;Baker;48;o
4417;Henry;Vega;63;o
4418;Jacob;Harris;62;f
4419;Aaron;Jones;51;m
4420;John;Sandoval;24;f
4421;Angela;Ortega;37;f
4422;Robin;Scott;45;m
4423;Ian;Wheeler;29;m
4424;Denise;Gonzalez;50;f
4425;Eddie;Waters;32;f
4426;Katherine;Hester;60;m
4427;Andre;Villanueva;33;m
4428;Brittany;Hughes;65;m
4429;Kenneth;Cruz;70;o
4430;Emily;Robles;28;f
4431;Anna;Miller;36;m
4432;Edward;Pittman;46;o
4433;Christopher;Johnson;28;m
4434;Amber;Gonzalez;70;m
4435;Brenda;White;79;m
4436;Riley;Bowen;58;f
4437;Jeffrey;Navarro;39;f
4438;Bailey;Davis;77;o
4439;Timothy;Leon;32;f
4440;Adam;Brooks;64;f
4441;Autumn;Holder;43;o
4442;Robert;Mcclain;42;f
4443;Lindsey;Jackson;22;m
4444;Brandon;Adams;57;m
4445;Tammie;Bell;70;o
4446;Juan;Walsh;71;f
4447;Stephen;Hill;60;f
4448;Christine;Young;46;f
4449;Justin;Pitts;47;o
4450;Marcus;Terry;72;m
4451;Richard;Watson;37;o
4452;Jonathan;Bernard;53;o
4453;Joseph;Sawyer;21;o
4454;William;Acosta;31;o
4455;Cynthia;Thomas;43;m
4456;Lisa;Jackson;50;m
4457;David;Miller;41;o
4458;Stephen;Garrett;72;o
4459;James;Smith;48;f
4460;John;Wu;65;o
4461;Dana;Wright;73;m
4462;Jill;Taylor;79;m
4463;Allison;Miles;73;f
4464;Jesus;Navarro;52;m
4465;Andrew;Nunez;66;f
4466;Denise;Schmidt;24;f
4467;John;Williams;21;m
4468;Rebecca;Hicks;57;o
4469;Emma;Hernandez;45;f
4470;Andrea;Sullivan;68;f
4471;Jamie;Garcia;26;f
4472;Allen;Blake;61;f
4473;Jennifer;Park;44;m
4474;Christopher;Robinson;48;o
4475;Jason;Edwards;73;f
4476;Bryan;Peterson;57;o
4477;Mallory;Miller;52;f
4478;Mario;Wilson;60;m
4479;Jennifer;Wiley;32;o
4480;Jordan;Bartlett;61;o
4481;Alyssa;Wong;65;f
4482;Gail;Johnson;39;o
4483;Jacob;Norton;18;f
4484;Daniel;Paul;69;f
4485;Renee;Reyes;34;f
4486;Diana;White;61;o
4487;Joshua;Molina;32;o
4488;Bruce;Mcpherson;25;o
4489;Keith;Stephens;65;o
4490;Ryan;Johnson;61;o
4491;Robert;Knapp;27;o
4492;Michael;Kramer;71;o
4493;Amanda;Cardenas;78;m
4494;Karen;Duncan;58;f
4495;Thomas;Meyer;70;m
4496;Michael;Acosta;45;o
4497;Alicia;Mcconnell;75;f
4498;Jamie;Ortiz;53;m
4499;Rebecca;Rose;48;f
4500;Patrick;Matthews;25;m
4501;Michael;Thomas;24;o
4502;Kevin;Cobb;39;o
4503;Richard;Smith;75;m
4504;Ryan;Castro;76;o
4505;Barbara;Phillips;58;m
4506;Nicholas;Lewis;71;m
4507;Luis;Martin;26;o
4508;Jesse;Nelson;73;m
4509;Samantha;Moreno;64;m
4510;Tiffany;Hayden;67;f
4511;Michelle;Sutton;25;o
4512;Matthew;Wood;29;f
4513;Chad;Cherry;48;m
4514;Bryan;Gray;77;f
4515;Cameron;Bates;79;f
4516;Amanda;Guerrero;72;o
4517;Hunter;Jacobs;35;m
4518;Caleb;Campbell;78;f
4519;Michael;Clayton;75;f
4520;Russell;Patel;44;m
4521;James;Davidson;54;o
4522;Joseph;Chen;77;o
4523;Jill;Johnson;64;f
4524;Stacy;Dunlap;18;f
4525;Kenneth;Robinson;67;o
4526;Ryan;Ibarra;27;o
4527;Samantha;Adams;33;o
4528;Mark;Collins;35;f
4529;Christopher;Lee;49;m
4530;Sean;Simmons;78;f
4531;Angela;Miller;49;m
4532;Donna;Miles;73;o
4533;Martin;Estrada;60;o
4534;David;May;29;m
4535;Laura;Brady;66;m
4536;Sabrina;Reynolds;25;m
4537;Jacob;Adams;58;o
4538;Michael;Franklin;37;f
4539;Leon;Baker;51;m
4540;Gloria;Knapp;40;f
4541;Scott;Yates;22;o
4542;Barry;Morris;52;o
4543;Carol;Gonzalez;58;f
4544;Jason;Crawford;79;f
4545;Mary;Perry;46;f
4546;Margaret;Jones;71;m
4547;Deanna;Collier;23;o
4548;Lisa;Ballard;29;f
4549;Sherry;Villarreal;30;m
4550;Michael;Tanner;68;o
4551;Andrea;Baxter;38;o
4552;Rebekah;Cline;54;f
4553;Lynn;Robinson;32;m
4554;Jennifer;Anderson;80;m
4555;Christopher;Reynolds;26;m
4556;Donna;Acevedo;69;m
4557;Michael;Obrien;26;o
4558;Valerie;Mann;57;f
4559;Ross;Wright;63;o
4560;Angela;Brown;55;o
4561;John;Miller;57;o
4562;Chad;Flores;20;f
4563;Jared;Robles;28;o
4564;Matthew;Brown;50;m
4565;Robert;Ingram;67;f
4566;Christy;Fisher;63;o
4567;Brandon;Brooks;48;f
4568;Jonathan;Powers;56;o
4569;Shelly;Johnson;47;m
4570;James;Reyes;43;m
4571;Douglas;Oconnell;45;f
4572;Henry;Kidd;75;o
4573;Kristina;Garcia;56;f
4574;Barbara;Taylor;71;o
4575;Jeffrey;Bright;33;m
4576;Kaitlyn;Jensen;77;m
4577;Dana;Parks;50;m
4578;James;Nelson;51;f
4579;Keith;Salas;38;f
4580;Stephen;Ramirez;59;m
4581;Sara;Montoya;54;f
4582;Kathy;Morales;34;o
4583;Ashley;Byrd;18;f
4584;Angela;Johnson;59;f
4585;Jerry;Meyers;49;f
4586;Amanda;Espinoza;20;m
4587;Christine;Walsh;54;f
4588;John;Fisher;37;f
4589;Megan;Allen;45;f
4590;Nicholas;Barton;26;f
4591;Paul;Wilson;39;f
4592;Ronald;King;19;o
4593;Michael;Day;27;o
4594;Carla;Scott;41;o
4595;Michelle;Carney;18;o
4596;Judith;Kramer;51;o
4597;Krista;Barron;25;f
4598;Laurie;Robinson;74;o
4599;Brian;Villegas;73;o
4600;Krystal;Booth;29;m
4601;Heather;Smith;61;f
4602;Julie;Martin;59;m
4603;Adam;Elliott;53;m
4604;Kevin;Dominguez;22;o
4605;James;Simon;47;m
4606;Maria;Dominguez;52;o
4607;Michael;Mcdonald;50;o
4608;Benjamin;Elliott;41;f
4609;Kim;Hall;50;m
4610;Antonio;Stone;59;f
4611;Jacqueline;Thomas;60;f
4612;Vanessa;Hansen;54;m
4613;Allen;West;59;o
4614;Tammy;Velasquez;77;m
4615;William;Davis;43;m
4616;Daniel;Andrews;50;m
4617;Carolyn;Harrison;50;m
4618;Christina;Henry;35;m
4619;Katherine;Smith;54;f
4620;David;Lynn;54;f
4621;Rebecca;Gardner;41;m
4622;Angelica;Gallegos;23;f
4623;Jennifer;Lopez;40;m
4624;Kenneth;Manning;42;f
4625;Scott;Hanson;22;f
4626;Kathy;Miller;28;f
4627;Todd;Brown;40;f
4628;Kristine;Stout;69;m
4629;Heather;Gordon;54;m
4630;Kathryn;Hayes;38;m
4631;Charles;Gray;39;f
4632;Heather;Fernandez;76;f
4633;Michelle;Garza;20;o
4634;Angela;Benjamin;23;m
4635;Theresa;Steele;40;o
4636;Benjamin;Holmes;55;f
4637;Cynthia;Hernandez;77;m
4638;Robert;Murray;68;o
4639;William;Farrell;75;o
4640;Marcus;Graves;70;o
4641;Tami;Lyons;20;m
4642;George;Bush;73;o
4643;Wanda;Henry;80;o
4644;Antonio;Lowe;40;f
4645;Carl;Wong;42;o
4646;James;Drake;33;m
4647;Suzanne;Cruz;23;o
4648;Christy;Baker;39;o
4649;Stacey;Smith;23;m
4650;Jerry;Ortega;21;o
4651;Derek;Kennedy;77;f
4652;Hailey;Estrada;78;o
4653;Christine;Lane;67;f
4654;Rachel;Wells;53;m
4655;Christina;Anderson;20;f
4656;Derek;Ramos;79;o
4657;Alex;Jones;68;m
4658;James;Cooper;20;f
4659;Sarah;Buck;80;f
4660;William;Stevens;56;f
4661;Kelly;Jones;57;f
4662;Cassandra;Gay;22;m
4663;Harold;Grant;45;f
4664;Robert;Williams;60;o
4665;Angie;Barrett;49;f
4666;Chelsea;Dunlap;60;f
4667;Nicholas;Perez;78;m
4668;Deanna;Long;76;m
4669;Andrea;Poole;79;f
4670;Leslie;Andrews;59;f
4671;Matthew;Lucas;19;o
4672;John;Pierce;53;m
4673;Lynn;Stewart;55;m
4674;Gregory;James;27;m
4675;Alejandro;Hayes;61;o
4676;Carla;Richardson;61;f
4677;Caroline;Alvarado;56;m
4678;Danielle;Brown;79;m
4679;Michael;Barr;78;f
4680;Brittany;Clark;68;m
4681;Helen;Cox;28;f
4682;Ryan;Cook;50;f
4683;Michael;Peters;63;o
4684;James;Morrison;76;f
4685;Timothy;Roberson;47;f
4686;Veronica;Gomez;46;o
4687;Adam;Smith;68;m
4688;Benjamin;Robertson;27;o
4689;Michelle;Carney;60;m
4690;William;Allen;27;o
4691;Benjamin;Hamilton;46;o
4692;Kari;Cohen;20;f
4693;Paul;Lester;19;o
4694;Darryl;Johnson;50;f
4695;Amber;Munoz;75;o
4696;Amanda;Schmidt;44;o
4697;Ashley;Brown;31;o
4698;Sheri;Stewart;51;f
4699;Andrea;Carter;51;m
4700;Laura;Brooks;31;o
4701;Brittney;Davis;22;m
4702;Elizabeth;Mcclain;66;f
4703;Sheila;Mcclure;31;f
4704;Cheryl;Clay;36;m
4705;Mary;Cooper;62;m
4706;Antonio;Patton;72;m
4707;Amanda;King;39;m
4708;Jasmine;Hoffman;41;m
4709;Jaime;Griffin;37;f
4710;James;Cruz;36;o
4711;William;White;56;o
4712;Pam;Munoz;30;f
4713;Michael;Scott;48;f
4714;Danny;Taylor;67;f
4715;Meghan;Jackson;60;f
4716;Christine;Lara;21;o
4717;Benjamin;Mckenzie;70;o
4718;Elizabeth;Simon;30;f
4719;Laura;Bennett;18;o
4720;Brittany;Wiley;66;f
4721;Samuel;Todd;46;m
4722;Brian;Sullivan;49;m
4723;Cynthia;Phelps;20;f
4724;Mark;Garcia;39;m
4725;Lisa;Fisher;27;f
4726;Gregory;Hayes;21;m
4727;Katelyn;Rivas;68;f
4728;Amanda;Harmon;18;f
4729;Melanie;Lee;46;o
4730;Kimberly;Kim;77;f
4731;Thomas;Jones;52;f
4732;Kristy;Mcconnell;22;o
4733;Michael;Horne;56;f
4734;Jason;Terry;21;m
4735;David;Brooks;53;f
4736;Jessica;Murphy;52;m
4737;Maria;Watson;29;m
4738;Victoria;Lopez;29;m
4739;Joshua;Trujillo;71;m
4740;Amanda;Barnes;50;f
4741;Calvin;Strickland;79;f
4742;Stephen;Williams;19;o
4743;Beverly;Cruz;63;o
4744;Rebecca;Fritz;39;o
4745;Andres;Solomon;59;m
4746;Sarah;Duarte;52;f
4747;Brad;Pratt;62;o
4748;Laura;Haas;27;m
4749;Jeffery;Edwards;52;f
4750;Dawn;Santiago;70;o
4751;Angela;Parker;72;o
4752;Nicholas;Mclean;52;f
4753;Ryan;Williams;31;f
4754;Anita;Mccall;39;f
4755;Felicia;Bowen;59;o
4756;Adam;Thompson;29;o
4757;Kristen;Park;35;m
4758;Eugene;Fisher;70;m
4759;John;Robinson;26;m
4760;Sarah;Dean;31;o
4761;Kelly;Romero;56;o
4762;Samuel;Massey;23;f
4763;Jason;Johnston;26;o
4764;Melissa;Martinez;30;m
4765;Mark;Campbell;18;o
4766;Sara;Chen;55;f
4767;Stephen;Palmer;26;o
4768;Daniel;Cooper;33;f
4769;Allen;Johnson;80;f
4770;Heather;Long;18;f
4771;Andrew;Hernandez;45;f
4772;Jenny;Mccullough;30;o
4773;Lindsay;Wilson;75;m
4774;Marcus;Mckenzie;48;o
4775;Raven;Benitez;70;o
4776;Sarah;Jimenez;23;m
4777;Kyle;Sims;77;m
4778;James;Davis;73;o
4779;Steven;Brooks;20;m
4780;Angel;Long;59;f
4781;Grant;Jones;68;m
4782;Jennifer;Bailey;54;o
4783;Jeffrey;Anderson;31;m
4784;Shaun;Jacobs;54;m
4785;Ashley;Gonzales;47;o
4786;Tony;Foster;19;m
4787;Stephanie;Riley;29;o
4788;William;Hunter;70;o
4789;Stephen;Holt;68;o
4790;Garrett;Snyder;47;o
4791;Jeremy;Brown;51;f
4792;Jessica;Soto;62;o
4793;Rebecca;Powell;61;f
4794;Tiffany;Wilson;32;o
4795;Joel;Roy;71;m
4796;Debra;Ross;36;f
4797;Shirley;Perez;66;m
4798;Angela;Underwood;53;m
4799;Amanda;Mathis;49;o
4800;Elizabeth;Lewis;72;f
4801;Kevin;Hickman;67;o
4802;James;Holmes;20;f
4803;Shelby;Kaufman;26;o
4804;Melissa;Miles;27;o
4805;Brittany;Olson;53;f
4806;Richard;Morgan;56;f
4807;Charles;Singleton;66;f
4808;Keith;Small;18;o
4809;Nicole;Mitchell;74;m
4810;Katie;White;40;m
4811;Rachel;James;62;m
4812;Alicia;Taylor;28;m
4813;Jillian;Sanders;69;f
4814;Charles;Harris;45;f
4815;John;Reed;39;f
4816;Jimmy;Phillips;47;m
4817;Nicholas;Smith;24;f
4818;Crystal;Cross;34;o
4819;April;Henry;35;f
4820;Ashley;Thomas;57;m
4821;Joseph;Schroeder;34;f
4822;Caleb;Adams;61;o
4823;William;Cain;41;f
4824;Jennifer;Perkins;35;o
4825;Emily;Lopez;53;m
4826;Betty;Campbell;20;m
4827;Jill;Brown;55;f
4828;Matthew;Gonzalez;24;o
4829;Antonio;Scott;68;m
4830;Michael;Kramer;59;o
4831;John;Perkins;42;m
4832;James;Rivera;60;m
4833;William;Ortiz;46;f
4834;Shelly;Patel;51;f
4835;Sean;Mitchell;45;m
4836;Beverly;Riley;40;m
4837;Melissa;Thomas;52;m
4838;Michael;Oconnell;38;m
4839;Eric;Cardenas;33;o
4840;Jill;Barker;22;o
4841;Emily;Pham;37;f
4842;Antonio;Diaz;50;o
4843;Joseph;Torres;30;o
4844;Cheryl;Potter;67;o
4845;Dennis;Scott;33;o
4846;Eileen;Mendoza;77;f
4847;Crystal;Faulkner;58;f
4848;Melissa;Park;68;o
4849;Nicole;Booker;30;m
4850;Morgan;Moody;65;m
4851;Patricia;Adkins;34;f
4852;Robert;Poole;58;o
4853;Anne;Wyatt;52;o
4854;John;Salazar;67;o
4855;Austin;Salas;56;o
4856;Devin;Clark;31;o
4857;Joseph;Evans;52;f
4858;Shannon;Lloyd;57;m
4859;Mary;Nichols;64;f
4860;Daniel;Reed;21;o
4861;Manuel;Jordan;63;f
4862;Monica;Davies;30;m
4863;Hannah;Silva;39;m
4864;Tiffany;Snow;79;f
4865;Jason;Curtis;55;m
4866;Brianna;Garcia;54;f
4867;John;Campbell;53;f
4868;Andrea;Hernandez;47;o
4869;Joyce;Martin;18;f
4870;Miranda;Garza;42;o
4871;Tina;Miller;42;f
4872;Deborah;Jones;31;m
4873;George;Kidd;76;o
4874;Cathy;Williams;62;f
4875;Steven;Davis;36;f
4876;Linda;Holmes;54;m
4877;Eric;Welch;59;m
4878;Caleb;Brooks;73;f
4879;Jeffrey;Blackwell;18;o
4880;Nicole;Bishop;73;f
4881;Charlotte;Cruz;33;o
4882;Stephanie;Kennedy;75;f
4883;Randall;Rowe;77;m
4884;Amber;Garcia;69;o
4885;Kirk;Smith;35;o
4886;Jeremy;Owen;73;f
4887;Roy;Frye;68;o
4888;Richard;Delgado;65;f
4889;Jamie;Allen;76;m
4890;Teresa;Gutierrez;40;m
4891;Jacob;Sanford;58;f
4892;Todd;Dunn;30;f
4893;Karen;Campbell;55;m
4894;Adam;Allen;20;o
4895;Jacob;Pugh;66;m
4896;Heather;Glenn;70;f
4897;Anthony;Phillips;25;f
4898;Johnathan;Curry;73;o
4899;Anne;Johnson;66;m
4900;Victoria;Meza;29;m
4901;Vernon;Jones;65;m
4902;Sherry;Ramsey;49;o
4903;Cody;Jones;71;o
4904;Lindsey;Ashley;67;o
4905;Christian;Williams;80;o
4906;Shelly;Taylor;19;m
4907;Sarah;Snyder;78;o
4908;Tina;Archer;62;m
4909;Diana;Harper;36;f
4910;Lori;Gamble;39;o
4911;Russell;Dillon;38;o
4912;Joseph;Joseph;57;o
4913;Martin;Nelson;41;o
4914;Leslie;Carpenter;45;m
4915;Charles;Mejia;19;m
4916;Brian;Wallace;40;o
4917;Timothy;Petersen;70;f
4918;Ashley;Clayton;57;o
4919;Colleen;Potter;72;o
4920;Kenneth;Smith;62;f
4921;Amanda;Gomez;25;o
4922;Lawrence;Alvarez;62;f
4923;Katie;Nelson;77;o
4924;Peter;Barnes;42;o
4925;Laura;Simmons;69;f
4926;Richard;Robertson;28;o
4927;Michael;Duffy;25;m
4928;Louis;Anderson;56;f
4929;Cory;Thompson;39;o
4930;Christina;Nelson;60;f
4931;Lori;Gonzalez;24;f
4932;Randall;Garrison;24;o
4933;Kirsten;Hebert;37;o
4934;Debra;Garcia;78;f
4935;Michael;Woods;18;f
4936;Kenneth;Delacruz;38;o
4937;Marissa;Hanson;54;f
4938;Leslie;Brown;65;f
4939;William;Martin;37;f
4940;Donald;Bowman;50;f
4941;Sarah;Atkins;72;m
4942;William;Taylor;25;o
4943;April;Hunt;52;m
4944;Jessica;Velazquez;27;m
4945;Paul;Aguirre;76;o
4946;Melissa;Snyder;55;f
4947;Kelly;Young;65;o
4948;Scott;Turner;72;o
4949;Jacqueline;Mills;54;m
4950;Sheila;Ellis;26;o
4951;Corey;Ramirez;19;f
4952;Natalie;Espinoza;71;m
4953;Thomas;Sanchez;57;o
4954;Carrie;Lawson;45;o
4955;Stacey;Medina;30;f
4956;Andrea;Mccullough;68;f
4957;Gregory;Hughes;63;f
4958;David;Gray;26;o
4959;Dominic;Moore;73;o
4960;John;Lopez;30;f
4961;Christina;Trujillo;33;m
4962;Erik;Lee;79;m
4963;Aaron;Robinson;75;o
4964;Frances;Murphy;27;f
4965;Tara;Lewis;56;f
4966;Rebecca;Ford;45;o
4967;Richard;Bryan;41;f
4968;Ryan;Ryan;60;o
4969;Alyssa;Carpenter;45;f
4970;Christina;Reed;49;f
4971;Carly;Aguilar;24;f
4972;Scott;Compton;61;m
4973;Angela;Campbell;51;m
4974;Erica;Hines;44;m
4975;Angelica;Taylor;41;m
4976;Robert;Scott;77;m
4977;Katherine;Thomas;78;o
4978;Shelby;Torres;73;f
4979;Mark;Clark;31;o
4980;Lisa;Brock;73;m
4981;David;Smith;78;f
4982;Joshua;Greene;50;o
4983;Evan;Webb;48;o
4984;Michelle;Miller;43;f
4985;Katie;Hall;74;m
4986;John;Gonzalez;52;o
4987;Lisa;Russo;45;f
4988;Eric;Hayes;48;m
4989;Natalie;Boone;51;o
4990;Martha;Nelson;35;m
4991;Miguel;Young;78;f
4992;Steven;Austin;36;o
4993;Paul;Harris;20;o
4994;Christopher;Neal;62;m
4995;Mark;Roy;56;o
4996;Leonard;Brown;60;f
4997;Caleb;Humphrey;55;o
4998;Jessica;Herrera;22;f
4999;Ryan;Sherman;39;f
5000;Jason;Johnson;70;o
