"cuit";"nombre";"apellido";"edad";"nacionalidad";"genero"
72985799065;Jeffrey;Lozano;78;France;f
57807315660;Breanna;Mosley;34;Namibia;m
43146024785;Jessica;Green;52;Brazil;o
49152961408;Donna;Brown;60;Libyan Arab Jamahiriya;f
32415752753;Dawn;Johnson;75;Mali;f
25164611910;Bruce;Downs;54;Kuwait;m
14541105810;Benjamin;Weiss;19;Australia;o
68252637770;Joseph;English;21;Saint Barthelemy;o
77123066876;Anthony;Bauer;42;Algeria;f
13107720620;Steven;Garrison;24;Aruba;f
29926893755;Karen;Lewis;59;Saint Martin;o
84584380676;Cheryl;Smith;45;New Zealand;o
97578128315;Mark;Ramsey;30;Sierra Leone;m
33954525514;Julia;Smith;62;Zimbabwe;m
66024132673;Sophia;Palmer;36;Guadeloupe;o
78133646680;Angela;Smith;68;Falkland Islands (Malvinas);o
88383762311;Tanner;Roberts;65;Hong Kong;f
44162371968;Marisa;Castro;69;Bangladesh;f
16875557677;Robert;Richard;45;Saint Helena;o
32599637354;Nancy;Weaver;72;Cape Verde;o
90334917915;Michelle;Perez;57;Angola;o
48487627954;Tammy;Hernandez;31;Lesotho;o
21716267660;Nichole;Shelton;21;Mozambique;m
34970579363;Megan;Lyons;22;Swaziland;o
16422313324;Matthew;Sharp;33;Taiwan;o
98248439805;Rebecca;Cannon;73;Estonia;f
54653217819;Justin;Riley;43;Haiti;m
70422153861;Dylan;Pitts;47;Trinidad and Tobago;f
35735340153;Anthony;Harrison;31;Iraq;f
31473544326;Stacy;Cook;27;Singapore;o
40364255020;Amanda;Marshall;32;Argentina;m
87377235588;Emily;Hopkins;38;Kenya;f
48941088855;Charles;Houston;77;Panama;o
55762577631;Laura;Wilson;47;Venezuela;f
52398181058;Clinton;Taylor;27;Timor-Leste;m
68505398612;April;Mcintosh;67;Serbia;m
33394881240;Stephen;Wallace;64;Chad;o
78093778969;Carmen;Taylor;47;Saint Barthelemy;f
39136291167;Tiffany;Cooper;52;Montenegro;o
79457334296;Paul;Davis;62;Croatia;o
86198515068;John;Miller;34;French Southern Territories;o
87384982749;Judy;Pearson;73;Austria;m
99400489232;Nathaniel;Oconnor;64;Russian Federation;m
80692170111;Theresa;Ball;43;Spain;f
40376188291;Gregory;Gilbert;78;Azerbaijan;f
31097179772;Daniel;Nelson;69;Kiribati;f
47907777154;Ryan;Moore;77;Cape Verde;m
76105991955;Michael;Irwin;78;Micronesia;o
10347328843;Charles;Horne;68;Anguilla;o
82660754600;Robert;Williams;20;Burundi;o
89968529869;Charles;Robinson;35;United States Virgin Islands;f
25798743005;Carlos;Johnson;60;Heard Island and McDonald Islands;o
20361004433;Robert;Burns;56;Turks and Caicos Islands;f
44813764341;Christopher;Pratt;27;Chad;o
60282628323;Jennifer;Ortega;38;Aruba;m
55313974279;Joshua;Hoffman;36;Congo;f
45459882719;Michael;Black;75;Kiribati;o
21824098249;Mark;Ross;36;Benin;o
72678102261;Valerie;Knapp;59;Turkey;m
67317623540;Jason;Cruz;28;Czech Republic;o
42081189502;Alexis;Peterson;32;Malawi;m
79691691449;Wendy;Lewis;44;United States Virgin Islands;o
86298936593;Brenda;Gill;75;Uruguay;f
69383818854;Mary;Wade;51;Poland;o
46268668844;Luke;Murillo;66;Zimbabwe;f
51795121566;Matthew;Griffin;77;Gabon;f
50166755971;Madison;Banks;68;Trinidad and Tobago;f
85882905981;Kimberly;Harris;63;Papua New Guinea;o
55765868068;Samantha;Morrison;42;Niger;m
14225640433;Darlene;Singleton;19;Lebanon;o
74534585083;Chelsea;Tucker;25;Nauru;m
50722620909;Paula;Williams;22;Guadeloupe;f
72043242700;Katherine;Baker;42;Nigeria;o
32580013416;Chelsea;Taylor;69;Namibia;o
33527794150;Carol;Ramirez;41;Uruguay;m
25916474272;Mathew;Baker;19;Georgia;f
28956899340;Blake;Jones;61;Thailand;m
30080284128;Grant;Anderson;33;Bulgaria;o
28593469296;Kara;Mueller;63;Benin;m
48419391128;Nicholas;Morrow;62;Uzbekistan;m
32021820106;Norman;Robinson;39;Maldives;o
70060269174;Kevin;Dominguez;41;Togo;m
15189246454;Rodney;Baldwin;49;Lithuania;m
66566083862;Francisco;Jones;56;Gibraltar;o
77905317839;Steven;Durham;19;Brazil;m
96935924455;Patricia;White;57;San Marino;m
11368473272;Anthony;Lawson;59;United Kingdom;f
13727190242;Erika;Vasquez;38;Seychelles;f
46273645203;Mark;Rivera;23;Mozambique;m
54402837329;Dominic;Noble;49;Honduras;f
31996001472;Lynn;Smith;45;Jamaica;m
62727331625;Ashley;Matthews;71;Papua New Guinea;f
95951611324;Jessica;Lin;30;Georgia;m
15898601988;Donna;Graham;20;Reunion;f
55334628082;Roger;Frey;45;British Indian Ocean Territory (Chagos Archipelago);f
24506794381;Morgan;Hawkins;37;Saint Kitts and Nevis;o
59922079920;Heather;Williams;48;Netherlands Antilles;m
48349245262;Sarah;Johnson;78;Egypt;o
75768554473;Debbie;Flores;41;Vietnam;m
68387029435;Brian;Tapia;74;Trinidad and Tobago;m
38941312818;Rachel;Mcdaniel;66;Zambia;f
74863277800;Ashley;Jones;62;Benin;o
94598998779;John;Hall;63;Bhutan;f
41153660739;Cory;Soto;18;Cyprus;o
89261355552;William;Rodriguez;63;Bhutan;o
42081849512;Joseph;Robbins;57;Georgia;o
55720298429;Rebecca;Jones;32;Korea;m
29230365159;Timothy;Diaz;37;Antarctica (the territory South of 60 deg S);f
75274856219;John;Allen;43;Comoros;o
11656245600;Elizabeth;Preston;72;Antigua and Barbuda;m
26453775967;Theresa;Huber;34;Liberia;m
89134124613;Brenda;Edwards;79;Maldives;o
29397325484;Veronica;Hayes;65;El Salvador;o
53531637246;Ana;Peters;36;Cyprus;o
50308232277;Jacob;Buck;78;Palestinian Territory;f
66685162136;Kristina;Barker;37;Saint Helena;m
17502295971;Megan;Goodman;37;Lithuania;o
95305255537;Alyssa;Estrada;51;Yemen;m
80907228599;Robert;Reed;45;Dominica;m
72622243676;Billy;Long;38;Chad;m
47087817111;Kyle;Wood;74;Taiwan;f
47341252864;Marie;Mcknight;45;United States Virgin Islands;f
60846270848;Brandon;Meyer;19;Algeria;f
78965262995;Bob;Patterson;70;Congo;m
95853442622;Elizabeth;Williams;30;Swaziland;m
77553361379;Karen;Hicks;19;Ghana;m
32509232756;Todd;King;38;Zambia;o
56927540846;Jeffery;Green;42;Mauritania;m
80086275488;Barry;Dean;49;Kenya;o
84350808105;Matthew;Woods;41;Belarus;m
45215976322;Judy;Hanson;65;Nicaragua;o
44734495840;Carolyn;Whitaker;21;Monaco;o
39194580176;Timothy;Nelson;52;Mauritania;o
87109469528;Daniel;Gonzalez;51;Bulgaria;f
78520162848;Kristen;Williamson;74;Slovakia (Slovak Republic);f
49918280930;Bailey;James;18;Bermuda;o
31712872334;Andrew;Jackson;50;Nicaragua;f
52350445722;Roy;Parker;72;France;o
54040629691;Elizabeth;Gibson;47;Turkey;f
21647069680;Shane;Casey;72;India;o
64088242204;Rachel;Taylor;78;North Macedonia;f
67803575615;Patrick;Hickman;64;Albania;f
20627801580;Sean;Romero;49;Peru;m
26582348032;Brendan;Curtis;70;Brazil;m
18194770560;Robert;Stevens;54;Pitcairn Islands;m
95225300900;Lance;Skinner;59;Luxembourg;f
89412424555;Charles;Jones;19;Nigeria;m
67928012960;Pedro;Summers;25;Estonia;f
47405685444;Herbert;Santos;52;Norfolk Island;m
49645685666;David;Price;72;Congo;f
41342520809;Madeline;Sweeney;40;Malawi;m
85063992804;Jeffrey;Price;56;Gambia;f
38332991078;Alex;Phelps;21;Uzbekistan;o
33880087871;Shawn;Delgado;79;Kuwait;o
28898438738;Amy;Gallagher;73;Saudi Arabia;o
54409842545;April;Knight;67;Turkey;o
34669789004;Brian;Castillo;55;Burundi;m
48370514056;Kaitlyn;Hall;26;Saint Pierre and Miquelon;o
71435826643;Olivia;Stewart;74;Belize;o
22349054155;Kayla;Young;61;Hungary;o
79369676543;Hector;Mitchell;27;Guernsey;m
23810449669;Dylan;Garcia;38;Jamaica;o
89503835388;Michael;Gonzalez;79;Thailand;m
79389547143;Andrea;Watkins;44;Hungary;f
73135315118;Laura;Brooks;54;Cocos (Keeling) Islands;m
89253450258;Lori;Harris;46;Cambodia;m
60367755917;Jonathan;Lopez;52;Cote d'Ivoire;o
70001223565;Cheyenne;West;30;Palau;m
47584670245;Susan;Mitchell;57;Moldova;o
91471494810;Jesse;Novak;34;Cocos (Keeling) Islands;m
42249133492;Jason;Rasmussen;71;Niue;m
52043580350;Renee;Brown;18;Lao People's Democratic Republic;f
31791386073;Steven;Kemp;77;Nauru;f
64475367981;Jason;Knapp;80;San Marino;o
25158925875;Melanie;Anderson;26;Chile;f
12994595404;Tammie;Wise;54;Bolivia;m
22044894812;Briana;Rice;77;Moldova;o
26126697935;Debra;Browning;23;Togo;o
43559174980;Kendra;Burke;31;Micronesia;m
24669050975;Heather;Gonzales;50;Bosnia and Herzegovina;m
73901292283;Megan;Clark;53;Equatorial Guinea;f
66463264210;Michelle;Lee;60;Solomon Islands;o
95148150634;Jeffrey;Spencer;36;Thailand;o
38208897859;Lisa;Barton;79;Mayotte;o
67414516386;Alyssa;Vargas;34;Zimbabwe;m
15530171521;Benjamin;Bates;42;Faroe Islands;o
23820934426;Laura;Vega;61;Bulgaria;m
88804867789;Cynthia;Reed;58;Kuwait;m
55991075320;Richard;Davis;30;Costa Rica;f
58865183073;Yolanda;Young;53;Slovenia;m
21098250696;Wendy;Chandler;78;Lebanon;o
51855862187;Samuel;Hodges;59;Russian Federation;f
10523472752;Jennifer;Perez;71;Rwanda;m
75503747267;Christina;Cooke;39;Romania;m
98661242478;Lisa;Campbell;49;Greece;f
48920241653;Samantha;Jenkins;65;Uganda;o
83290083743;Jordan;Moore;36;Serbia;f
40436234112;Nathaniel;Martinez;60;Tuvalu;m
42923073077;Joshua;Foster;69;Switzerland;m
78296561714;Angela;Harper;55;Montserrat;f
30206322532;Scott;Nixon;33;Haiti;o
98862004689;Edward;Hancock;72;Tunisia;o
67885097492;Christina;Green;18;Uruguay;o
86242402998;Jennifer;Morgan;70;Kuwait;f
53757546418;Ashley;Wu;78;Nigeria;m
18725620027;Hailey;Hamilton;27;Tanzania;f
46555700074;James;Calderon;32;United States Minor Outlying Islands;o
46992754322;Carlos;Miller;79;Saudi Arabia;o
10495945293;Leonard;Keith;80;Congo;m
74342188338;Karen;Stokes;61;Denmark;m
90529278512;Kyle;Sheppard;77;Tanzania;o
79148491033;Emily;Snyder;50;Dominican Republic;o
61987540285;Kimberly;Martin;24;Eritrea;f
41159811981;Bernard;Trujillo;57;Kuwait;o
68885038173;Theresa;Middleton;56;Benin;f
55417035969;Cody;Williams;38;Barbados;m
57532694313;Stacy;Olsen;74;Mayotte;m
50080000219;Roberto;Rogers;34;Lao People's Democratic Republic;o
88323981959;Timothy;Duncan;30;Bahamas;m
31943623787;Cody;Bell;31;Timor-Leste;f
74313256018;Martha;Bryant;32;Mali;o
26049705872;Bianca;Beck;26;Liechtenstein;o
99495484989;Christopher;Hebert;69;Netherlands Antilles;m
31646426066;Tanya;Gibson;42;Montserrat;o
61560736727;Alexander;Elliott;67;Guam;f
84933602539;Julia;Bailey;27;Luxembourg;m
98568588516;Daniel;Brown;52;Turkmenistan;o
67754276377;Joann;Gordon;41;Jordan;o
11760989954;Melanie;Hunt;54;Dominican Republic;o
93371178598;Sean;Leon;33;Latvia;m
53197084192;Linda;Martinez;51;Sao Tome and Principe;m
62008829534;Mary;Moore;23;Mali;m
34202212140;Jason;King;79;Nicaragua;f
98750727204;Carrie;Sandoval;27;Turks and Caicos Islands;f
21233286660;Jason;King;79;Switzerland;m
21689710265;James;Nelson;39;Bangladesh;m
22291415361;Elizabeth;Parker;80;Malta;o
47821705256;Natalie;Hernandez;21;Netherlands Antilles;m
67922422153;Jerry;Rhodes;80;Turkey;o
19482317718;Mary;Gilbert;36;Chad;o
63171386687;Charles;Drake;53;India;f
38001582796;Penny;Hood;44;Korea;o
60884459849;Andrea;Long;45;Isle of Man;m
73718657256;Bryan;Smith;20;Botswana;f
17045576760;Louis;Pope;68;Latvia;m
62786745993;Tonya;Bowen;21;Tokelau;o
91611597119;Claire;Ayers;20;North Macedonia;o
37926165284;Chris;Smith;50;Venezuela;f
64155969631;Jennifer;Mitchell;18;Australia;o
35172262302;Andrew;Miller;24;Slovenia;m
79010510168;Aaron;Anderson;31;Chad;m
15512063999;Carolyn;Parrish;48;Uganda;o
36761773309;Crystal;Sanders;65;Cote d'Ivoire;f
17462993932;Shane;Perkins;40;Djibouti;o
95243688876;James;Long;73;Hungary;o
66611910264;Timothy;Burton;51;Pakistan;o
16007418201;Crystal;Phillips;53;British Virgin Islands;o
15214988308;Amy;Dean;61;Estonia;o
99364412303;Danielle;Fernandez;22;Cuba;f
47175696181;Nicole;Willis;21;Botswana;m
71305599350;Dwayne;Salazar;26;Saint Pierre and Miquelon;o
64766278299;Melissa;Mckinney;52;Malaysia;m
40807356937;Raymond;Thomas;18;Latvia;f
48739748119;Douglas;Chandler;69;Angola;m
82922264034;Thomas;Raymond;27;Poland;o
33640357662;Brandon;Hunt;18;Portugal;m
90393526095;Michelle;Serrano;27;United States Virgin Islands;m
34036351128;Patricia;Bryant;63;Martinique;f
87295888293;Mary;Edwards;57;United States of America;o
39171703421;Martin;Campbell;61;Nauru;o
27646118377;David;Harris;21;Guatemala;m
63709147669;Andrea;Baxter;34;French Southern Territories;f
76582590620;Caitlin;Diaz;29;French Guiana;o
12294435083;Andre;Harris;51;Papua New Guinea;o
32638445355;John;Hall;31;Saint Lucia;f
38330585172;Joyce;Johnson;55;Burkina Faso;o
90625884166;James;Delacruz;61;Tajikistan;m
11601164897;Travis;Lester;37;Namibia;f
73098161989;Nicole;Drake;52;Brazil;o
30447063940;Meredith;Valdez;68;Netherlands Antilles;f
90632259476;Margaret;Terry;75;Argentina;m
27000763864;Robert;Riley;40;Jersey;f
68890232021;Isaiah;Logan;24;Bosnia and Herzegovina;m
90117712417;Lauren;Barron;71;Australia;m
78081349295;Jessica;Jackson;44;Turkey;o
73118403315;Susan;Gray;62;Hungary;f
87772282285;Brian;Sweeney;80;Estonia;f
52833961870;Lisa;Scott;46;Turkey;m
27262925492;Caroline;Miller;27;Congo;o
10097130100;Manuel;Strong;36;Zimbabwe;f
82766293968;Larry;Morrison;68;Vietnam;f
43679479466;Nicole;White;80;Belgium;m
87057876010;David;Jackson;42;Liechtenstein;m
18303537048;Tanya;Hudson;76;Singapore;o
58495671643;Abigail;Dennis;38;Ghana;f
80634174894;Courtney;Brown;64;Puerto Rico;m
61757459779;Rebecca;Young;48;American Samoa;o
42130421620;April;Porter;63;Georgia;m
30006206206;William;Woods;38;Antarctica (the territory South of 60 deg S);f
75057597039;Andrea;Wood;63;Svalbard & Jan Mayen Islands;f
57462562276;Janet;Briggs;21;Denmark;m
82186869708;John;Lawrence;48;Tunisia;f
11770596421;Julie;Cummings;53;Western Sahara;f
79080502372;Kevin;Blanchard;79;Malawi;m
74193877430;Margaret;Garcia;75;Nauru;o
88433324690;Carolyn;Blake;80;Argentina;m
18250819044;Robert;Shelton;52;Egypt;o
59812214156;Laura;Campbell;18;Czech Republic;f
45992525697;Julie;Williams;39;Malta;f
27408419585;Michelle;West;61;Trinidad and Tobago;o
44626805971;Melanie;Chen;40;United States Virgin Islands;o
41978929093;Michael;Kidd;54;Uganda;m
50789462112;Kevin;Simpson;72;Guinea-Bissau;o
78473110413;Justin;Diaz;54;Reunion;o
92285159202;Kristin;Smith;54;Bangladesh;m
26599025275;Carlos;Baker;52;Turkmenistan;m
45366760332;Michelle;Jackson;24;Bahamas;f
78432254629;Frank;Robinson;36;Singapore;m
80734733260;Michael;Butler;41;Turkey;f
77041915348;Melissa;Snow;40;South Africa;m
12495379288;Joshua;Watson;18;Anguilla;m
54533842965;Joshua;Valencia;64;Saint Helena;o
10344087037;Rachel;Martinez;42;Niue;f
92395358837;Cynthia;Austin;71;Saint Kitts and Nevis;m
99194809840;Paul;Atkinson;50;Australia;m
98914296305;Benjamin;Young;51;Somalia;m
99200985812;Amy;Lynch;59;Moldova;m
27372335762;Cindy;Thomas;35;Morocco;o
78534453928;Courtney;Sanders;72;Zambia;o
55691677448;Amber;Parker;29;Vietnam;o
11981968051;Jennifer;Jones;58;Costa Rica;m
46260394085;Lauren;Ibarra;42;Comoros;o
13790924782;David;Walton;19;Nigeria;m
11001309480;Tyler;Fisher;55;Papua New Guinea;m
87766132020;Lori;Lowe;76;Slovenia;m
74157833073;Anthony;Peterson;45;Netherlands Antilles;o
53489434181;Andrew;Hughes;67;Guernsey;f
79319058706;Douglas;Dean;58;Uruguay;o
85505747678;Jacob;Lee;29;Korea;f
50160946002;Jason;Harris;38;French Polynesia;f
49748726618;Peter;Hughes;30;Vanuatu;m
77853091463;Mariah;Tyler;68;Czech Republic;m
10589409684;Jeffrey;Morris;33;Saint Helena;f
40597530127;Robert;Cook;42;Myanmar;f
92355145040;Gary;Mendez;75;Kuwait;o
50380289338;Daniel;Green;40;Western Sahara;f
60395451430;Richard;Wilson;23;Mauritius;m
33889809071;Frances;Mathis;37;Pitcairn Islands;o
36181640882;Ernest;Poole;23;Angola;m
17128027005;Terri;Powell;71;Guernsey;m
46574429374;Darren;Weaver;57;Haiti;f
35192705126;Ashley;Jones;38;Cameroon;m
97356567074;Roger;Huynh;35;Gambia;m
60499575127;Jason;Walker;69;Belarus;f
98696294280;Stephanie;Mayo;54;Luxembourg;f
30338612126;Monique;Harris;69;Monaco;f
94875017567;Timothy;Wilson;71;United States Minor Outlying Islands;o
93142507314;Mathew;Flores;27;Korea;f
61787775927;Michael;Ramos;30;Zambia;m
28877729188;Michelle;Morgan;34;Israel;f
14364863552;Tiffany;Mendoza;54;Montserrat;m
31993138179;Cody;Garner;56;Serbia;m
87887832857;James;King;63;Israel;f
51057135653;Michael;Thomas;29;Gibraltar;m
94824304061;Sherri;Velazquez;19;Australia;o
63979967857;Sandra;Cooper;74;Benin;f
53946412134;Jerry;Rivera;33;Lao People's Democratic Republic;m
51784493841;Virginia;Hernandez;60;Thailand;f
35056708267;Jason;Lopez;66;Mozambique;o
59223406449;Kelly;Carrillo;54;Senegal;f
89381131810;Kyle;Johnson;28;Swaziland;o
46151802493;Brianna;Powers;48;Estonia;m
84467152739;Amy;Kelley;62;Ethiopia;f
70117654383;Kathy;Rogers;29;Cocos (Keeling) Islands;f
18538670058;Lauren;Lopez;80;Tunisia;m
93857452083;Alicia;Wong;38;Colombia;m
60803960624;Kenneth;Saunders;56;Qatar;f
10740491380;Joseph;Haney;23;China;m
86514581317;Samuel;Mcconnell;31;Bahamas;o
31283854435;Gina;Pena;71;Australia;m
77664907484;Patricia;Young;79;Central African Republic;m
42873431829;Charles;Leonard;78;Sudan;o
18323341044;Savannah;Cook;18;Moldova;m
62160139233;Jacqueline;Diaz;56;China;o
38418663518;Rebecca;Allen;41;Saudi Arabia;o
87650766873;Walter;Gallegos;48;South Africa;m
84810605633;Ryan;Watson;74;Svalbard & Jan Mayen Islands;m
91936817636;Lynn;Carey;72;Israel;m
61795946275;Amber;Morris;26;South Georgia and the South Sandwich Islands;f
90352152215;Stephanie;Smith;53;Canada;o
51572547220;Marisa;Mitchell;28;Tunisia;f
82638034334;Erin;Salazar;37;Cote d'Ivoire;o
45264628204;David;Greene;55;Svalbard & Jan Mayen Islands;f
29039027695;Kyle;Chan;39;Guatemala;m
68996183192;Bryan;Morrison;58;Ukraine;f
64399207948;Jody;Carlson;45;Seychelles;m
33187225975;Andrew;Carter;37;Greenland;o
19485321202;Cynthia;Rogers;22;Antarctica (the territory South of 60 deg S);o
26222975223;Heather;Ford;64;Cyprus;m
27702752146;Kimberly;Craig;27;Moldova;f
16146530143;Susan;Johnson;80;Finland;f
91665083917;Jessica;Taylor;22;Botswana;f
41208445880;Rebecca;Fisher;33;Gabon;o
68381008845;Lauren;Martinez;60;Kenya;o
79226233559;Joshua;Hurley;27;Malta;f
47278944562;Linda;Jordan;67;Macao;m
78344371279;Daniel;Evans;46;Svalbard & Jan Mayen Islands;f
94088621486;Jasmine;Krause;37;Bangladesh;f
55927400361;Calvin;Johnston;54;Marshall Islands;m
28688099871;Rebecca;Murray;27;Afghanistan;f
51968188632;Juan;Wilkerson;21;Kyrgyz Republic;o
14256928080;Eric;Mccall;80;Bahrain;o
21978797185;Connie;Johnson;61;Svalbard & Jan Mayen Islands;m
63105097993;Amy;Flowers;19;Yemen;f
65102827498;Monique;Mcdonald;80;Sierra Leone;o
79975636001;Debra;Lane;37;Brunei Darussalam;o
97294956869;Dawn;Nelson;30;Nicaragua;o
48457521311;Randall;Moore;39;Saint Martin;o
86559219970;Frederick;Clarke;60;Peru;m
35342734497;William;Allen;41;Georgia;f
19168116896;Sean;Guzman;63;Yemen;o
37310618623;Valerie;Knight;61;Azerbaijan;o
14411751505;Suzanne;Brown;31;Belarus;m
25528773529;William;White;43;Cambodia;o
26346776802;Caleb;Romero;58;Trinidad and Tobago;m
55872337088;Kevin;Cortez;71;Argentina;f
86623689918;Alec;Graves;55;British Indian Ocean Territory (Chagos Archipelago);f
68861136528;Sandra;Howard;47;Tunisia;f
68775533816;Rebecca;Sanders;38;Sweden;m
42811971403;Kenneth;Lambert;43;British Indian Ocean Territory (Chagos Archipelago);f
96664903956;Charlene;Mullins;58;Moldova;f
45255105238;Kendra;Hatfield;56;Barbados;o
83335741264;Amy;Griffith;41;Congo;f
95556429417;Timothy;Contreras;23;Faroe Islands;f
92146638731;Robert;Jones;78;Nepal;m
66747032595;Susan;Ross;72;Australia;f
87058369535;Gerald;Velasquez;47;Kazakhstan;f
96798978764;Karen;Santana;24;Costa Rica;o
51403550751;Kimberly;Davila;29;Montenegro;f
33555235338;Gregory;Hill;41;Swaziland;m
67009117511;Angela;Leonard;25;Cambodia;m
94495931947;Michele;Crawford;35;Togo;m
92216606316;Natalie;Gomez;22;Lesotho;f
86134645324;Katherine;Cole;67;Cape Verde;m
76389876907;Johnny;Mckenzie;54;Belize;o
84708713560;Diane;Douglas;52;Niger;f
58450784497;Ariel;Mcfarland;80;Greece;o
20618318282;Sandra;Hughes;32;Colombia;m
60513971830;Debra;Jones;43;Dominica;f
78658685303;Kim;Shields;78;Timor-Leste;o
90317696559;Tracey;Foley;24;Tunisia;m
51751081547;Derek;Russell;30;Equatorial Guinea;m
95717561109;Eugene;Bush;22;Syrian Arab Republic;o
51966106742;Derek;Hays;71;Netherlands Antilles;o
16041606532;Jeffery;Marsh;56;Jersey;m
60595515807;Robin;Krause;69;Malaysia;f
20591245186;Julie;Roth;30;Norway;f
66733341087;Daniel;Watson;46;Somalia;m
32877170183;Chelsea;Washington;42;Singapore;o
84532236927;Tyler;Smith;39;Iceland;o
72165222081;Maurice;Garcia;40;India;m
82227723061;Katherine;Harris;46;United States Minor Outlying Islands;f
42363532551;Gregory;Berry;65;Argentina;m
81549403409;Laura;Smith;21;Cuba;o
69277952039;Richard;Coleman;79;Samoa;m
56551456190;Rachel;Zavala;28;Peru;f
47787248125;Jennifer;Cherry;39;Tajikistan;f
49803717339;Gregory;Brown;38;Nigeria;f
55923505844;Michael;Henderson;80;Swaziland;f
34102002786;Patrick;Mercado;34;Liberia;o
89890473106;David;Nichols;68;Israel;f
93479489826;Andres;Armstrong;22;Wallis and Futuna;o
14605433323;Tara;Wood;73;Uruguay;m
71950340041;Amanda;Dawson;59;Jersey;m
45451892593;Katherine;Brown;73;Cyprus;m
81943254467;Nicole;Jones;57;Brazil;f
40768270035;Daniel;Zimmerman;39;Lesotho;m
94811451762;Danielle;Knight;68;Maldives;f
83892803291;Cynthia;Richardson;72;Libyan Arab Jamahiriya;m
20942103480;Kelly;Jones;57;Comoros;m
21227660871;Matthew;Norris;57;Ghana;o
36414191649;Michael;Middleton;44;Finland;m
45796989313;Destiny;Lamb;48;Libyan Arab Jamahiriya;m
19363562841;Sara;Hester;36;North Macedonia;f
17726753922;Kevin;Holt;34;Yemen;f
46644271002;Shawn;Mayer;37;Serbia;o
10019460735;Lisa;Mata;59;Ireland;o
73291049469;Alicia;Bennett;47;Finland;f
48324700529;Gregory;Little;22;Australia;f
18985636386;Mark;Bishop;45;Brunei Darussalam;f
85035712947;Stephen;Moore;78;Bhutan;m
29516910043;Clarence;Day;22;Saint Lucia;o
80150347566;Richard;Miller;65;Denmark;o
16127033001;Stefanie;Morris;32;Vietnam;m
45423339057;Stacey;Smith;29;Bosnia and Herzegovina;f
77716614998;Alexander;Schmidt;26;Mexico;o
36388448923;Jason;Malone;60;Brazil;m
80346322520;Ariana;Bailey;42;Samoa;m
80662498573;Angela;Melton;41;Cape Verde;o
11070915094;Sarah;Carroll;49;Finland;f
52810822043;David;Williams;20;Uzbekistan;o
70727584336;Kayla;Fuentes;36;Jersey;o
92231775404;Melissa;Kelley;60;Honduras;f
84842862973;Dennis;Lynn;55;Panama;m
53126919118;Kristi;Ferguson;28;Oman;m
42530968342;Megan;Fields;60;Vanuatu;o
35828294236;Alexandra;Smith;60;Sierra Leone;o
56281293245;Jon;Nunez;58;Cape Verde;m
64616757158;Jennifer;Allen;25;Croatia;f
83689713596;Cynthia;Perez;45;Bhutan;o
63231470001;Andrew;Jordan;43;San Marino;o
42779314695;James;Alvarado;29;Guyana;f
20947023780;Gary;Butler;45;Martinique;f
68032440600;Julie;Levine;27;Tajikistan;f
84418528671;Lucas;Wilson;24;Albania;m
33836859737;Gary;Castro;60;Kiribati;o
70455575950;Glenn;Ingram;78;Yemen;m
21640026208;James;Garcia;44;Paraguay;o
96942583870;Christopher;Lopez;22;Comoros;o
98500954796;Katherine;Robinson;74;Vietnam;f
50713577784;Ryan;Lang;64;Tajikistan;m
34971530523;Candice;Webb;25;Micronesia;f
66142046312;Meredith;Valenzuela;52;Benin;m
13795114520;Christine;Grimes;30;Isle of Man;o
20154890525;Todd;Mendoza;39;Moldova;m
78803718598;Kristina;Esparza;30;Rwanda;m
75866672035;Mary;Sloan;64;United States Virgin Islands;f
21537184939;Crystal;Cantrell;21;Macao;o
79863872843;Amber;Rodriguez;68;Nauru;o
49710822579;Raymond;Washington;53;Libyan Arab Jamahiriya;f
87679971726;Michael;Ward;47;Ireland;m
41358396676;Bradley;Lee;24;Mauritania;f
99147311027;Christine;Wiggins;63;Kyrgyz Republic;f
82009618220;David;Mueller;26;Eritrea;o
78335838791;Yolanda;Brown;70;Israel;f
94045629453;Justin;Martinez;62;Qatar;f
34660801497;Leslie;Smith;28;Egypt;o
61617326441;Elizabeth;Huff;39;Jersey;f
92015503402;Eric;Price;70;Wallis and Futuna;m
58945431489;Andrew;Brown;42;Heard Island and McDonald Islands;o
44143914601;Juan;Roberts;77;Luxembourg;f
61012170221;Gregory;Boyd;38;New Caledonia;m
76874267875;Lynn;Castillo;57;Guyana;f
58845409101;Gloria;Brown;72;Senegal;m
21162714498;Julie;Cruz;23;Fiji;m
65603736526;John;Ramirez;57;Tunisia;m
12188534183;Manuel;Estrada;31;Grenada;f
55290527738;Kelly;Miller;50;Equatorial Guinea;o
55910046152;Christopher;Schmidt;36;Benin;m
63921211689;Daniel;Sutton;44;Cook Islands;m
22661588687;Mark;Williams;57;Bahrain;o
10327572007;Melanie;Martin;18;Gabon;f
29253514267;Hannah;Cameron;31;Kyrgyz Republic;m
31471760249;Paul;Bryant;43;Bosnia and Herzegovina;f
31144925132;Steven;Barnes;61;Bangladesh;o
44545917775;David;Barnett;27;Falkland Islands (Malvinas);m
58506328584;John;Hill;26;Malta;m
65390905172;Adrienne;Lloyd;20;Cape Verde;f
92654696060;Brian;Turner;76;United Kingdom;f
26667144206;Melissa;Smith;31;Montserrat;m
52524872150;James;Nguyen;18;Oman;o
33421365453;Isabella;Higgins;57;Saint Vincent and the Grenadines;f
41181362476;Philip;Turner;80;Norfolk Island;m
25458350118;Jennifer;Waters;67;Brunei Darussalam;m
71925899144;Melissa;Porter;58;Jersey;o
65674323931;Charles;Manning;41;United States Virgin Islands;m
45983135089;Debbie;Vargas;19;Mayotte;o
92358985737;Jason;Walker;33;Jersey;f
94098330907;Ryan;Howard;38;Kuwait;o
71360109909;Katherine;Kidd;69;Bolivia;o
65899451192;Karen;Hernandez;50;Colombia;f
57398339933;Frances;Johnson;59;Trinidad and Tobago;m
17150660104;Margaret;Fischer;30;Mongolia;m
96404609593;Shane;Perez;30;Norfolk Island;m
75666936078;Steven;Fitzpatrick;31;Norway;m
61307900891;Richard;Wilkins;22;Trinidad and Tobago;f
56607645940;Mikayla;Horton;59;Indonesia;o
87287809240;David;Robertson;74;Heard Island and McDonald Islands;f
28078909063;William;Vasquez;25;Uzbekistan;f
12519946731;Jessica;Zhang;44;United States Virgin Islands;o
63950536612;Daniel;Boyer;69;Jordan;m
69080418808;Holly;Munoz;56;Guatemala;o
66383015037;Michelle;Johnson;32;Singapore;m
41792350404;Denise;Gill;59;Kyrgyz Republic;f
79801351642;Jennifer;Garcia;43;Reunion;m
84005126267;Joseph;Hudson;36;Cambodia;m
85624455891;James;Watson;34;El Salvador;m
68269868560;Mark;Perez;72;Samoa;f
92930007848;Joshua;Woods;63;Reunion;m
70813315144;Jill;Dillon;49;Iran;m
23459749888;Thomas;Hall;25;Switzerland;f
74720394063;Elizabeth;Lewis;37;Burundi;o
33161596702;Paul;Phillips;19;Brunei Darussalam;o
42155532102;Frank;Beck;37;Kazakhstan;f
77331326166;Morgan;Quinn;49;Croatia;o
20628253185;George;Reed;36;Samoa;f
48518466532;Martin;Williamson;38;Guadeloupe;m
25503525226;Elizabeth;Ross;31;Turks and Caicos Islands;m
35625258027;Katelyn;Beck;22;Palau;m
15261347339;Keith;Walker;18;United Arab Emirates;o
31192486227;Kimberly;Santiago;52;Saint Vincent and the Grenadines;o
78288547126;Ariel;Ford;19;Gambia;f
29101133712;Luis;Miller;68;Malaysia;o
67123134003;Stephanie;Howell;30;Serbia;f
96842788368;Christine;Sullivan;31;Canada;o
87135475513;Jessica;Gilmore;76;Nicaragua;m
83965882575;Dana;Flowers;53;Chad;o
65626248624;Arthur;Cochran;37;Barbados;m
90623425895;Charles;Johnson;58;Serbia;o
58595602483;Andrew;Flores;43;United States of America;o
55299655100;Joseph;Lucas;36;Marshall Islands;o
23514632775;Maria;Weber;61;Cape Verde;f
74947396889;William;Sanchez;22;Serbia;o
27026927341;Alexander;Chan;55;Guadeloupe;o
88731748715;Mark;Johnson;25;Bouvet Island (Bouvetoya);f
25504077011;Mary;Gutierrez;46;Jordan;o
65296451842;Michele;Howell;74;Cyprus;o
19063720216;Amy;Fields;60;Mongolia;o
65338064958;Erin;Dunn;78;Myanmar;f
72712037732;Brandon;Tucker;28;Lithuania;f
58019288513;Cameron;Kemp;47;Mauritania;o
48520410818;Donald;Rogers;73;Suriname;m
51440387519;Erica;Boone;48;Bouvet Island (Bouvetoya);f
87117855006;Cesar;Ferguson;35;Cote d'Ivoire;f
42792123140;Makayla;Wilson;58;Togo;f
80431410545;Sara;James;25;Slovenia;m
48295275071;Michael;Bell;43;Cyprus;f
22596373516;Pamela;Williams;35;New Caledonia;o
14061353220;Nicholas;Evans;32;Madagascar;m
52587865635;Christopher;Bass;80;Palestinian Territory;o
77037987665;Nathan;Stevens;77;Antarctica (the territory South of 60 deg S);f
12704711116;Lauren;Mcclure;39;Cocos (Keeling) Islands;o
27004585975;Rebecca;Burns;68;San Marino;o
54220792461;Sarah;Burke;66;Cocos (Keeling) Islands;o
73507702493;Matthew;Jackson;27;Sierra Leone;f
72612669085;Matthew;Miller;22;Papua New Guinea;m
21552671021;Deborah;Koch;31;Portugal;f
47223845496;Joshua;Munoz;39;Reunion;f
22541349138;Todd;Fuller;57;Pitcairn Islands;f
36745751472;John;Long;54;Cuba;m
63652649699;Christopher;Williams;69;Palestinian Territory;f
17062549238;Timothy;Obrien;76;Tuvalu;f
23401897316;Jeremy;Pearson;22;Albania;m
91151595063;Jessica;Tapia;22;Poland;m
79624677443;Tiffany;Thompson;69;Bhutan;m
92418737995;Penny;Gutierrez;20;Djibouti;m
81855355986;Sharon;Kelly;77;Ukraine;o
75086067155;Timothy;Wilson;44;Jordan;o
10729802524;Kendra;Lee;52;Mongolia;f
32116713030;Jason;Wright;23;Mayotte;o
84566508314;Patrick;Craig;48;Finland;o
54741609098;Rebecca;Hill;41;Belize;m
57852498401;Regina;Vasquez;54;Venezuela;o
22864553927;Heather;King;65;Czech Republic;o
77504936104;Brittany;Le;67;Cayman Islands;o
61805113832;Kathryn;Adams;74;New Caledonia;m
22721909228;Stephanie;Green;55;Dominican Republic;o
29460411568;Andrew;Carr;31;Saint Kitts and Nevis;o
92197238524;Amanda;Martinez;80;Azerbaijan;f
89551131820;Aaron;Johnson;56;Tuvalu;o
96750219621;Charles;Keller;21;Guam;f
36112204620;Haley;Thompson;48;Senegal;m
34342348493;Brittany;Jones;44;Sudan;f
25567210098;Carla;Thompson;31;Zambia;o
41361065925;Christopher;Brown;54;Zambia;f
70476776578;Jackie;Contreras;71;Nauru;o
58465140990;Wesley;Russell;58;Senegal;m
88471847385;Jeffrey;Smith;44;Finland;o
51037584131;Kevin;Fields;52;Pakistan;m
65620250822;Olivia;Myers;53;Cameroon;m
13827248796;Thomas;Olsen;39;North Macedonia;m
98081533183;Kristin;Johnson;49;Djibouti;o
67296896589;Rachel;Campos;28;Burundi;o
90624401720;Steven;Patterson;20;Albania;m
28303956684;Diane;Kim;18;Western Sahara;f
28832932285;Angela;Diaz;18;Faroe Islands;f
59375223678;Kelly;Esparza;55;Iceland;o
64173619203;Jill;Miller;60;Malawi;m
85177692829;Melissa;Green;67;Samoa;m
14787965883;David;Barton;68;American Samoa;o
47767990595;Barbara;Guerrero;18;Martinique;o
58896127971;Beth;Patel;18;Montenegro;m
13081301312;Susan;Grimes;39;Iran;o
42006286111;Kevin;Richardson;52;Monaco;m
51771840991;Angelica;Contreras;30;Tanzania;o
67882700995;John;Lopez;50;French Polynesia;m
95206892423;James;Stokes;55;New Caledonia;m
35089695500;Kristin;Grant;57;Liberia;m
32584795598;Lindsey;Harris;79;Australia;f
84238118587;David;Bates;25;Libyan Arab Jamahiriya;o
17255541446;Jessica;Washington;37;Hong Kong;f
46579816029;Dylan;Mclaughlin;25;Iraq;o
68419290418;Justin;Evans;60;Northern Mariana Islands;m
10743532591;Richard;Moreno;40;Cuba;m
36824567334;David;Patterson;76;Macao;m
94812021646;Marcus;Ruiz;61;Montserrat;m
34632177689;Michelle;Jones;38;Turks and Caicos Islands;m
49372482543;Alan;Moore;29;Australia;o
31618326774;Brittany;Robinson;44;Iran;o
89371045314;Nicole;Wagner;34;Holy See (Vatican City State);f
13875016603;Tony;Evans;21;Moldova;m
81791352369;Vanessa;Walter;36;Tonga;m
22227975465;Carolyn;Marshall;63;Dominica;f
16805954725;Steven;Miller;29;Macao;o
22900718331;Lauren;Alvarez;60;Colombia;m
77709699261;Donna;Roberts;36;Romania;m
18643717288;Tami;Carter;48;Lithuania;o
51894627368;Michael;Prince;52;Malaysia;f
85239346024;Dylan;Miller;42;Kuwait;m
11262829744;Justin;Foster;28;Mexico;f
46189860756;James;Dodson;19;Sweden;m
56062693566;Andrea;Lam;61;Czech Republic;m
52600122328;Bradley;Allen;35;Guinea;m
40315354444;Bryan;Ward;58;Burkina Faso;f
61974485481;Jill;Hamilton;26;Mauritius;o
58581183387;Rebecca;Smith;52;Portugal;m
28447742267;Heidi;Butler;39;Oman;m
65246234002;Melissa;Dixon;64;Bhutan;m
54249606562;Jacqueline;Cole;57;South Georgia and the South Sandwich Islands;f
80294387777;Samantha;Smith;73;Iceland;f
57842694338;Francisco;Tran;66;Moldova;f
81542674631;Ronald;Pitts;57;Japan;m
92743099071;Zachary;Carter;23;Montserrat;o
93968946030;Alicia;Garcia;40;Lebanon;f
26256135106;Paul;Davis;52;Christmas Island;o
35745123620;Matthew;Padilla;73;Equatorial Guinea;o
78904495956;Bryan;Garner;28;Timor-Leste;m
65052394709;Amber;Hall;61;South Georgia and the South Sandwich Islands;m
22646655231;Ryan;Evans;57;France;m
67987852648;Timothy;Pena;62;Peru;f
35859707639;Christopher;Reyes;30;Sao Tome and Principe;m
78246386963;Jeffrey;Nelson;76;North Macedonia;o
71299298448;Joan;Daniel;39;Western Sahara;m
50551612017;Stephen;Mendoza;49;Albania;m
49013040221;Anthony;Garcia;75;Bahamas;m
40592927843;Kimberly;Steele;47;Estonia;m
31709718144;Rebecca;Johnson;56;Slovakia (Slovak Republic);o
77576584517;Karina;Davenport;50;Congo;o
17747793359;Margaret;Villa;49;Congo;m
80215612342;Amy;Mendez;18;Vietnam;m
43377138996;Denise;Delgado;19;Chile;f
47395755355;Nicole;Watkins;41;Sweden;m
45409403634;Kevin;Mendoza;49;Costa Rica;m
28803031792;Eileen;Smith;31;Botswana;o
11316457726;Hannah;Lewis;53;Yemen;o
47859690604;Andrew;King;64;Guernsey;f
55366214276;Lauren;Flynn;19;Guatemala;m
83580724971;Ryan;Kidd;66;Bouvet Island (Bouvetoya);f
80126720902;Sara;Carey;63;Dominica;f
51739900999;Michael;Henderson;48;Burkina Faso;f
71818788216;Ricky;Alexander;55;United Arab Emirates;o
21845195648;Amanda;Gregory;19;Algeria;o
98110736722;Melissa;Sims;78;Panama;f
38619854831;Jimmy;Carpenter;33;Yemen;m
40152680358;Michelle;Martinez;57;Sierra Leone;f
25063382417;Samantha;Bishop;52;Kenya;m
67996753799;Sarah;Guerrero;51;Norway;f
31431155380;Haley;Murphy;76;United Arab Emirates;f
80067777565;Megan;Jackson;68;Sri Lanka;o
73078330525;Rachel;Obrien;78;Korea;m
52405351961;Jade;Sweeney;46;Yemen;o
20555913104;James;Thomas;23;Burundi;f
79928230143;Becky;Stone;35;North Macedonia;m
78924509238;Kurt;Young;26;Central African Republic;o
90680744831;Stephanie;Santos;53;Cambodia;f
22570110254;Jennifer;Glass;80;British Virgin Islands;m
39958649565;Nicole;Good;65;Saint Lucia;f
45997844336;Brandi;Padilla;45;Turks and Caicos Islands;m
51931920728;David;Meyer;60;Bahrain;f
44094887524;James;Turner;36;Cote d'Ivoire;m
37410640054;Gregory;Miller;65;Egypt;m
79130250847;Frank;Thomas;38;Bouvet Island (Bouvetoya);m
10405638277;Eric;Reyes;20;Turkmenistan;o
11707545198;Victoria;Washington;27;Belarus;o
58590968439;Dustin;Bernard;30;Singapore;o
52944619742;Jessica;Kline;76;Somalia;o
25559812605;John;Jones;55;Macao;m
18141286262;Michael;Calhoun;74;South Georgia and the South Sandwich Islands;f
16292839067;Christina;Murray;51;Cape Verde;o
61481966188;Lisa;Thornton;35;Kuwait;f
28092065792;Michael;Anderson;70;Svalbard & Jan Mayen Islands;m
82978430924;Robert;Fields;51;Jordan;m
75468438712;Elizabeth;Smith;49;Reunion;o
97216761864;James;Warner;76;Iceland;f
18803562007;Maria;Bell;34;Colombia;o
19944769100;Sarah;Brady;24;Honduras;f
39180929662;Raymond;Beasley;52;Belize;o
81416161494;Margaret;Maldonado;42;Honduras;f
91642045487;Billy;Williams;24;Belize;o
73362185370;Amy;Campos;60;Jamaica;f
13586265262;Jonathan;Morris;53;Timor-Leste;o
69892390979;Brittany;Watson;63;Saudi Arabia;f
27190643623;Nicole;Gibson;26;Iceland;m
48087724097;Paula;Patel;30;Lao People's Democratic Republic;m
82726583012;Robert;Baird;79;Peru;m
13592660678;Stacy;Daniel;68;British Virgin Islands;m
17662381011;Deborah;Berry;37;Saint Helena;f
23320603915;Shannon;Gregory;20;Bouvet Island (Bouvetoya);f
97930281760;Jennifer;Cain;18;Cyprus;o
23241496915;Sara;Gould;35;Japan;m
75993467661;Timothy;Stone;43;Belgium;m
42546198446;David;Curtis;49;Moldova;f
60502039512;Sandy;Mitchell;53;Korea;m
51655271639;Tracey;Francis;50;Niger;o
69862910741;Nicholas;Johnson;47;Chile;f
19527969182;Dustin;Rogers;18;United States Virgin Islands;f
90524404181;Katie;Day;42;Timor-Leste;m
52075863752;Christine;Bauer;65;Benin;m
97207652218;Kyle;Taylor;26;Malta;f
64976912297;Mckenzie;Clark;40;India;f
11214248966;Kim;Lloyd;49;Aruba;m
79392759812;Laurie;Ward;33;United States Virgin Islands;o
45543271748;Matthew;Simpson;69;Cameroon;o
34471019123;Douglas;Freeman;37;Nauru;o
49345740079;Chad;Collier;45;Serbia;f
69285913005;Eric;Weaver;75;Tokelau;m
73936651358;Glenn;Allen;62;Gabon;o
67727075732;Cassandra;Casey;72;Czech Republic;f
80087399423;Patrick;Mcbride;55;Oman;m
64537642825;Ruth;James;40;Suriname;m
53706412268;Jessica;Mendoza;36;Martinique;o
77020666871;Cheryl;Jones;26;Bosnia and Herzegovina;o
96414035478;Bruce;Medina;80;Finland;m
99760099116;Dennis;Burgess;41;Benin;o
11970949181;Charles;Ellis;30;Saint Helena;o
54257145590;Jeremy;Rodgers;40;Samoa;o
26254864971;Robert;Sanchez;51;Bouvet Island (Bouvetoya);m
99068788033;Patricia;Brown;60;Guernsey;f
75020229994;Lisa;Cisneros;78;Senegal;f
21590231376;Jennifer;Anderson;34;Czech Republic;f
57399375399;Ashley;Cunningham;20;Chile;m
76583607511;Todd;Thompson;21;Somalia;f
76442468961;Timothy;Tucker;43;Zimbabwe;f
89023535717;Krystal;Sanchez;69;Turks and Caicos Islands;m
59066704165;Kimberly;Barton;37;Sudan;f
87272943867;William;Foster;45;Puerto Rico;o
58752745221;Wesley;Johnson;33;Timor-Leste;m
96052097880;Joshua;Lloyd;53;Ecuador;o
47161490942;Dwayne;Harrison;40;Kiribati;m
23838537076;Katherine;Lara;53;Jamaica;f
66091837237;Andre;Gilbert;36;Luxembourg;f
41249443216;Nathan;Silva;76;Slovakia (Slovak Republic);o
56850496438;Antonio;Stevens;49;United Arab Emirates;f
30718569938;Douglas;Rodriguez;20;Ethiopia;m
28480585945;Tina;Scott;45;Pakistan;m
76338743076;George;Solomon;34;Hong Kong;f
82527402394;John;Holmes;54;Mauritius;f
60674382292;Daniel;Marshall;76;Svalbard & Jan Mayen Islands;o
55673928343;Margaret;Stevens;48;Costa Rica;m
68778969184;Greg;Pacheco;47;British Indian Ocean Territory (Chagos Archipelago);m
26520424400;Matthew;Humphrey;37;Pitcairn Islands;f
13076392996;Elizabeth;Wilson;74;Qatar;o
55868259004;John;Garcia;58;Bhutan;f
49373414983;Kathleen;Ward;75;Moldova;m
14256698444;Sharon;Powell;74;Czech Republic;m
45904281279;Jacob;Henderson;75;United Arab Emirates;m
47865837897;Nicole;Ford;54;Netherlands;o
34524273777;Kevin;Pearson;46;Yemen;m
80289281610;Francisco;Young;50;Pitcairn Islands;m
55848693427;Miranda;Gibson;56;Chile;m
69400995164;Robin;Estes;39;Netherlands Antilles;m
23151765548;David;Parker;58;Bosnia and Herzegovina;o
49107533077;Allison;Lewis;49;Slovenia;o
89617095584;Kayla;Campbell;66;Netherlands Antilles;m
27004949779;Steven;Thompson;48;Malaysia;m
69128336077;Debra;Harmon;37;Yemen;o
53211018376;Brian;Williams;33;Bermuda;f
98319402837;Daniel;Ibarra;30;Tajikistan;o
94025248873;Melissa;Price;25;Malaysia;m
99886682957;Eddie;Wagner;30;Sao Tome and Principe;o
38327636741;Christopher;Sanders;79;Bosnia and Herzegovina;f
35176366776;Kimberly;Jackson;55;Northern Mariana Islands;o
42023743281;Brittany;Soto;27;Panama;o
10221492290;Beverly;Arnold;43;Australia;o
26642134615;Joseph;Green;78;Grenada;m
30264308472;Robin;Wilson;50;Wallis and Futuna;m
73160820658;Mark;Payne;52;Cyprus;f
98961393356;Alejandro;Pena;25;Dominica;f
21329266193;Joel;Anderson;48;Australia;o
77082070542;Ariana;Velazquez;67;Greece;f
45595678891;Ashley;Mccoy;46;Cambodia;o
71757332750;Michael;Thompson;63;Madagascar;o
34149441034;Christopher;Tran;53;Uganda;m
18627797855;Peter;Cox;39;Malaysia;m
20571187993;Robert;Richardson;25;Kenya;f
96865883268;Daniel;Weber;68;Turks and Caicos Islands;m
47021090972;Elizabeth;Weiss;40;Malaysia;o
47797322786;Caitlin;Rodriguez;53;Angola;o
12018516626;Sue;Moore;35;Cyprus;o
51484079792;Cristina;Smith;41;Brazil;m
39905240312;Alexander;Webb;23;Guatemala;o
98476038542;Katherine;Chavez;60;Botswana;o
53186183401;Alejandro;Kim;19;Saint Helena;m
21579611291;Monica;Vega;80;Mauritius;o
34516229071;Michael;Parker;46;Timor-Leste;f
10130224003;Scott;Sims;48;Lebanon;m
80271423437;Melvin;Thomas;49;Estonia;o
36455522126;Monica;Shaw;41;Zambia;f
41755419386;Christina;Fox;18;Tunisia;m
27877150160;Audrey;Garcia;50;Luxembourg;f
49060218611;Jeremy;Becker;64;Kyrgyz Republic;o
86277267562;Marissa;Harrison;47;Liechtenstein;o
39398275325;Pamela;Murphy;40;Poland;f
68582767983;Linda;Green;32;Belgium;f
15146157142;Samantha;West;28;San Marino;o
67813059952;Lorraine;Hughes;58;Netherlands Antilles;m
92851472966;Kendra;Esparza;56;Cyprus;o
79420380579;Shawn;Livingston;65;Congo;o
46166662579;James;Perez;35;Svalbard & Jan Mayen Islands;m
23780061245;Julie;Lane;20;India;m
72497823901;Amber;Adams;50;South Georgia and the South Sandwich Islands;f
10109634964;Tammy;Coleman;39;Denmark;o
91470871459;Jeff;Huynh;52;Dominican Republic;f
85479548739;Chad;Mitchell;67;Malaysia;o
17914821789;Robert;Mercado;21;Vanuatu;o
69662462085;Emily;Foley;65;Greece;f
26043514149;Monica;Schneider;52;Greenland;o
18121719163;Teresa;Marshall;22;Germany;o
25526228435;Karen;Webb;62;Malaysia;f
31078314561;Joshua;Snyder;52;Trinidad and Tobago;f
93533978093;John;Mcpherson;53;Taiwan;m
48728840357;Cynthia;Shields;18;Swaziland;f
98511646334;Nicholas;Williams;20;Palestinian Territory;m
45183791403;Kenneth;Torres;29;Samoa;f
63791012830;Sylvia;Liu;45;Kyrgyz Republic;o
16877231364;Nicholas;Watts;35;Niue;m
45502063144;Kevin;Smith;23;Samoa;o
89054658279;Joe;Chan;66;Dominican Republic;m
26544425509;Julian;Garcia;23;Samoa;o
77609114423;Lauren;Price;49;Northern Mariana Islands;m
55309585282;Emily;Keith;41;Austria;m
55694441227;Michael;Ayala;58;Togo;m
98189698129;Jennifer;Davis;24;Zambia;o
81992030319;Sara;Collins;72;Saint Lucia;o
49916105868;Kathleen;Gibson;20;Gambia;f
88562860499;Dennis;Gregory;58;Saint Martin;o
54615480006;Cynthia;Calhoun;54;Thailand;o
12420392065;Elizabeth;Mitchell;77;Guatemala;o
77374920314;Caitlin;Glass;51;Saint Vincent and the Grenadines;f
69826112361;Wendy;Thompson;36;Saint Vincent and the Grenadines;m
71864880058;Meredith;Carroll;70;Sierra Leone;f
44784746477;John;Rogers;39;Tuvalu;m
88729362572;Thomas;Miller;21;Finland;f
19474117312;Joe;Hall;34;United States Virgin Islands;f
31847602654;Charles;Robinson;35;Mauritius;o
92155694769;Gregory;Jones;67;Philippines;o
61431646627;Krystal;Baker;53;Austria;f
95207065267;Ricky;Watkins;38;Brunei Darussalam;f
25058035313;Laura;Burton;25;United States Virgin Islands;o
75396546116;Sarah;Matthews;43;Canada;f
68150981887;Gregory;Young;54;Andorra;m
30547621590;Tonya;Murphy;50;Romania;o
11869131678;Caitlin;Holder;24;Nicaragua;o
25702550017;Gina;Fernandez;28;Wallis and Futuna;m
27900900335;Julia;Mendez;66;Guadeloupe;m
52805053219;Monica;Sandoval;45;Puerto Rico;m
76866061616;Holly;Todd;56;Mexico;o
11516678057;Jessica;Hernandez;37;Palau;m
27476676926;Jay;George;32;Norway;m
17926774222;Charlotte;Reese;43;Cocos (Keeling) Islands;o
80392414790;Sean;Sullivan;35;Jordan;o
40917047338;Kayla;Lopez;39;Jordan;m
31155539862;Alyssa;Harris;79;Trinidad and Tobago;m
11727159417;Isaiah;Perez;65;Oman;o
15301787650;Amber;Gonzalez;49;Morocco;m
66490623197;Amanda;Jacobs;71;Martinique;o
54951665216;Cynthia;Lewis;54;Bouvet Island (Bouvetoya);o
90148465967;Timothy;Banks;37;Korea;o
34940470260;Michael;Fisher;39;Mongolia;f
37142712867;Daniel;Lyons;33;Saint Helena;o
66982380794;William;Robinson;57;Cocos (Keeling) Islands;f
24104288935;Cole;Scott;67;Nepal;m
18045602987;Miguel;Bryan;45;Holy See (Vatican City State);o
71700620959;Sabrina;Bonilla;43;Botswana;o
50825954493;Shaun;Sanchez;18;Spain;f
12222815141;Katherine;Briggs;61;Guatemala;f
58890383532;Patricia;Kramer;61;Sudan;o
82360766831;Catherine;Reed;33;Equatorial Guinea;o
61800453687;Stephanie;Larson;34;Korea;o
78204247254;Jacqueline;Mcclure;66;Haiti;f
24007811130;John;Donovan;50;Honduras;f
83986954137;Kenneth;Sheppard;70;Solomon Islands;m
21086248759;Donna;Tapia;38;Macao;o
84979908940;Rodney;Campos;37;Sri Lanka;f
60946287508;Lisa;Elliott;78;Cuba;o
59420230546;Eric;Jefferson;55;Equatorial Guinea;o
61931236747;Karla;Hopkins;80;Mozambique;m
10096469742;Kelli;Baker;19;Algeria;m
11913316263;Russell;Andrade;65;Barbados;o
16163768136;Amanda;Powell;24;Greece;o
40337467599;Ronald;Duncan;32;Egypt;f
74757157520;Anita;Carr;42;Lao People's Democratic Republic;o
73342301416;James;Hayes;19;French Guiana;f
30578560741;Hector;Peterson;52;Mali;m
33637195646;Mark;Gibson;35;Zambia;m
63695803411;Scott;Holt;48;Trinidad and Tobago;m
59827302217;Andrew;Perez;23;Kyrgyz Republic;f
64799719395;Crystal;Garza;71;Turkey;o
61360386913;Christopher;Cohen;77;Norfolk Island;m
44226298164;Thomas;Wood;72;Taiwan;m
