"nombre_pelicula";"director";"duracion_en_segundos";"estudio";"presupuesto";"tiempo_de_realizacion";"ano_estreno";"genero_pelicula"
Optimized contextually-based open system;Robert Miller;8119;Mcdowell-Fernandez;92113771;18;2002;Drama
Streamlined optimizing protocol;Ms. Erika Foster DDS;7795;Weeks, Patterson and Allen;57826527;12;2018;Thriller
Intuitive exuding moratorium;Molly Scott;4779;Aguilar LLC;78580191;1;1974;Drama
Sharable full-range concept;Tammy Williams;7399;Roberts-Arnold;92289617;17;1991;Thriller
Customer-focused directional adapter;Mariah Mack;6391;Ibarra Ltd;82278814;12;1977;Thriller
Switchable fresh-thinking info-mediaries;Matthew Henson;4535;Callahan-Vargas;61999914;14;1977;Thriller
Sharable disintermediate system engine;Mary Snyder;6272;Wilkins-Howard;88608327;20;1977;Comedy
De-engineered scalable leverage;Matthew Hernandez;8353;Norman-Fuller;30642060;12;1986;Action
Sharable web-enabled model;Laura Johnson;6381;Vargas and Sons;64044957;24;1996;Comedy
User-centric multi-state open architecture;Paul Mcdowell;4690;Hardin-Howard;69875547;7;1997;Thriller
Public-key solution-oriented capability;Julie Soto MD;4451;Hernandez-Jacobson;33874198;21;1980;Drama
Diverse well-modulated website;Denise Duran;3817;Green-Gallegos;45742928;19;1971;Thriller
Persevering user-facing methodology;Henry Martinez;6856;Beard-Lynch;34910238;20;2010;Drama
Ameliorated dynamic strategy;Lucas Beck;6276;Preston, Reed and Hunter;41943674;7;2000;Thriller
Cloned solution-oriented orchestration;Norman English;5974;Benson Inc;86972054;15;1971;Action
Monitored 24hour monitoring;Clifford Anderson;6250;Arnold-Baker;58648149;13;1988;Drama
Integrated interactive artificial intelligence;Richard Hutchinson;4197;Jones and Sons;2801884;21;2018;Action
Decentralized fresh-thinking help-desk;Donald Burton Jr.;6311;Nielsen, Bennett and Chavez;92292854;23;2015;Comedy
Cross-platform national superstructure;Alexis Burton;6000;Mcconnell-Cooper;86434335;7;1979;Comedy
Advanced 4thgeneration forecast;Kimberly Noble;7736;Mack Ltd;33618189;4;1986;Thriller
Balanced solution-oriented artificial intelligence;Leslie Jackson;8044;Ruiz LLC;13011908;12;1995;Action
Sharable needs-based function;Clinton Shaw;6354;Dominguez-Flores;40078619;18;2019;Thriller
Function-based high-level circuit;Samantha Graves;3875;Herring-Johnston;47558173;13;1978;Comedy
Re-engineered multi-state synergy;Stacy West;5486;Wilson LLC;74181258;2;2012;Drama
Organized zero tolerance complexity;Brandi Bryant;5406;Clark, Harris and Cervantes;42339456;6;2002;Drama
Persistent cohesive framework;Anthony Anderson;5516;Cline and Sons;80607019;13;1983;Action
Decentralized asymmetric throughput;David Thomas;3983;Garcia-Peters;52014981;15;1995;Drama
Phased tangible adapter;Ashley Johnson;4412;Kent, Cochran and Richardson;23632955;11;2003;Comedy
Customizable intangible paradigm;Bryan Holt;6114;Hernandez-Smith;14033151;6;2006;Drama
Object-based impactful software;Frank Chambers;6033;Chapman, Sharp and Johnson;86405370;3;1972;Comedy
Enhanced dynamic service-desk;Paul Wade;6059;Richardson Ltd;58131212;19;1981;Action
Future-proofed dynamic analyzer;Erin Ellis;3907;Anderson and Sons;15005366;17;1984;Thriller
Multi-layered user-facing portal;Joseph Campos;4281;Ross, Carter and Bell;44723571;19;2008;Thriller
Robust zero tolerance interface;Tom Griffith;6618;Weaver Group;4121436;22;1972;Action
Optional hybrid budgetary management;Dr. Jonathan Haynes MD;5526;Johnson-Johnson;38148157;2;2006;Drama
Multi-lateral optimal hub;Stephen Smith;5069;Gray and Sons;22630137;8;1989;Thriller
Switchable system-worthy application;Katherine Conner;7181;Melendez-Hayden;12994979;9;2012;Thriller
Pre-emptive composite contingency;Christopher Terry;3922;Anderson, Alexander and Sims;26847121;5;1992;Thriller
Ergonomic reciprocal support;Joseph Warren;6664;Hicks Group;34780450;16;2007;Thriller
Pre-emptive web-enabled matrix;Marc Chavez;5092;May, Davis and Diaz;71310293;4;2018;Thriller
Multi-channeled real-time middleware;Sara Flowers;4794;Martinez, White and Acosta;78771605;20;1979;Action
Vision-oriented neutral superstructure;Jonathan Ramirez;4550;Wolfe, Myers and Taylor;32277206;24;1986;Thriller
Polarized didactic collaboration;Stephanie Hahn;5567;Lester Ltd;37662246;18;2000;Drama
Reactive responsive support;Danielle Allen;6811;Hughes Group;49224837;13;2020;Action
Enterprise-wide full-range toolset;Calvin Rice;7649;Mason PLC;87407164;19;1971;Drama
Reactive neutral array;Veronica Johnson;7071;Osborn, Sweeney and Fisher;67361643;1;1976;Comedy
Up-sized disintermediate hierarchy;Donald Rodriguez;4209;Salas, Snow and Brown;96460190;8;2006;Comedy
Cross-platform logistical workforce;Johnny Wilson;7439;Petersen Group;23550629;3;1992;Drama
Stand-alone client-server protocol;Keith Carroll;7147;Sanders, Roy and Livingston;63422216;21;1975;Drama
Customizable web-enabled flexibility;Edward Owens;6880;Hoffman-Hall;40409810;8;2017;Action
Right-sized demand-driven monitoring;Becky Terry;5505;Washington, Wilson and Jones;43959211;17;2012;Action
Right-sized clear-thinking task-force;David Ingram;7238;Cohen-Stevens;20339170;23;2007;Action
Cross-platform bottom-line analyzer;Dustin Lynch;5233;Bryant, Johnson and Hayes;23216457;21;2021;Action
Multi-lateral systematic leverage;Susan Jones;3685;Lambert-Hicks;52598363;4;1999;Drama
Decentralized bifurcated model;Jennifer Henry;7173;Gutierrez, Rice and Nguyen;36129335;1;2018;Thriller
Cloned bandwidth-monitored time-frame;Michelle Henderson;7599;Brown-Scott;84705306;4;2022;Drama
Triple-buffered 24/7 structure;Daniel Boone;7243;Nguyen, Phillips and Rogers;93218181;6;2015;Action
Proactive empowering benchmark;David Robinson;7622;Mendoza, Hurst and Thompson;21507050;23;2016;Action
Focused systemic matrix;Deborah Wagner;5253;Carter PLC;53374520;21;2014;Comedy
Profit-focused zero administration hardware;Joseph Romero;6914;Evans, Norris and Madden;72046343;22;2015;Thriller
Multi-lateral zero-defect encoding;Dr. Dustin Reed;5196;Marsh and Sons;39876557;22;2007;Action
Distributed composite conglomeration;Connor Green;7738;Sanders Ltd;17860525;23;1972;Drama
Enhanced logistical benchmark;Jessica Smith;5619;Glover-Gross;74806299;24;2008;Comedy
Right-sized real-time support;Kevin Parrish;6589;Perkins, Rogers and Munoz;30830005;24;1983;Comedy
Up-sized zero-defect leverage;Francisco Walker;8001;Martinez, Brooks and Moore;87476913;19;2021;Thriller
Mandatory full-range monitoring;Tyler Dean;6982;Hodges and Sons;8223987;11;1971;Comedy
Polarized value-added success;Benjamin Young;4702;Vargas and Sons;65370689;13;1986;Drama
Future-proofed homogeneous open architecture;Kari Chen;5293;Collins-Gonzalez;1282900;9;2002;Thriller
Self-enabling contextually-based Graphical User Interface;Renee Wang;7864;Crawford LLC;68958815;5;2006;Thriller
Extended global benchmark;Nicholas Carey;5288;Wilson-Stout;4175892;14;1989;Action
Switchable solution-oriented process improvement;Ashley Jones;8153;Larson-Williams;52313394;15;2004;Action
Reduced incremental access;Anthony Richards;4969;Lloyd Group;79182814;1;2004;Action
Seamless explicit product;Russell Cruz;7582;Ramirez Inc;99980551;5;2014;Thriller
Reactive zero tolerance ability;Kevin Parks;7608;Jones Inc;2820740;10;1985;Thriller
Cross-platform local projection;Amber Cunningham;6436;Smith Group;15763348;19;1994;Comedy
Centralized directional workforce;Christian Price;3794;Sanchez PLC;85646403;3;2003;Action
Stand-alone static success;Susan Romero;6904;Powell-Shelton;70718360;10;1997;Thriller
Progressive background capacity;Shawn Fitzgerald;3965;Heath-Johnson;19859380;6;1991;Thriller
Expanded regional approach;Jenna Murphy;5041;Webster Inc;20228132;22;1970;Thriller
Customer-focused disintermediate focus group;Jared Barker;4017;Huff LLC;38109971;21;2016;Drama
Self-enabling mobile hub;Jessica Jacobs;5413;Stewart LLC;85237359;13;1997;Thriller
Organized fault-tolerant standardization;Leslie Cochran;4330;Jackson Ltd;84816413;15;1987;Action
User-centric analyzing matrix;Scott Edwards;5832;Fernandez PLC;70228386;15;2012;Action
Multi-layered systematic forecast;Stephanie Arnold;4068;Romero, Santos and Cox;56961464;5;2017;Thriller
Right-sized multi-tasking access;Caitlyn Gilbert;5285;Mata Group;10282734;15;1976;Thriller
Assimilated demand-driven definition;Timothy Rojas;6156;Williams, Wilson and Collier;32646230;6;2014;Drama
Distributed eco-centric groupware;Luke Cruz;7480;Wood PLC;98873685;15;1989;Thriller
Grass-roots 24/7 implementation;Paige Finley;8445;Chaney-Smith;46205192;19;1983;Drama
Multi-tiered methodical strategy;Barbara Taylor;3881;Price Inc;21465132;7;2009;Drama
Persevering secondary secured line;Paul Kelley;7554;Davis-Miller;24881698;16;2019;Comedy
Triple-buffered background strategy;Valerie Swanson;5863;Wilson, Moses and Cook;282012;19;2013;Action
Front-line attitude-oriented architecture;Brooke Silva;6711;Patel, Lewis and Stewart;25255638;16;2007;Drama
Programmable neutral secured line;Mariah Simmons;8299;Vega LLC;51275154;10;2006;Action
Total non-volatile software;Kayla Jones;6924;George-Martinez;50311349;23;2002;Drama
Enterprise-wide foreground support;James Ward;5937;Cook, Hawkins and Garcia;10103878;3;2004;Drama
Fundamental grid-enabled product;Taylor Nash;7755;Salinas, Gardner and Scott;49178755;22;2013;Action
Cloned national model;Patricia Ortiz;6875;Meyer, Johnson and Jacobson;43139572;18;1987;Thriller
Synergistic 24/7 function;Shannon Walker;5988;Stewart, Larsen and Cruz;17319745;4;1994;Thriller
Switchable reciprocal neural-net;Lisa Ford;5183;Castro, Garcia and Newton;13332219;5;1975;Action
Visionary eco-centric solution;Jerry Steele;4939;Hines-Weber;52527309;2;2010;Action
Cross-group fresh-thinking framework;Emily Clark;7332;Morgan, Mendez and Arnold;7073237;21;1973;Comedy
Intuitive dynamic model;Douglas Edwards;7852;Baker, Johnson and Pope;56127366;18;1972;Action
Upgradable bandwidth-monitored process improvement;Ronald Fowler;6605;Simmons, Hughes and Mays;58793677;12;2022;Drama
Ameliorated object-oriented capability;Joshua Fitzgerald;6960;Patterson-Smith;38483827;3;2014;Comedy
Multi-channeled zero administration success;John Hudson;4178;White, Erickson and Park;43178463;15;2001;Drama
Monitored demand-driven encryption;Elizabeth Shannon;6135;Figueroa, Shelton and Jones;88907130;24;1980;Action
Realigned full-range process improvement;Dorothy Morgan;8040;Russell, Hampton and Oliver;73298533;2;1988;Drama
Automated local parallelism;Gloria Greene;7827;Bryant Inc;2207975;7;2003;Comedy
Reactive non-volatile pricing structure;Alex Hansen;4879;Palmer-Anderson;93593984;14;1984;Drama
Customer-focused foreground alliance;Christina Huff;4649;Dillon and Sons;94013207;11;1999;Action
Upgradable didactic support;Jenna Ortiz;8310;Miller-Rice;88478350;5;1990;Drama
Assimilated neutral ability;Bruce Hampton;4472;Fisher, Brown and Elliott;17823141;12;2013;Drama
Phased full-range database;Jason Hicks;5444;Long-Vance;42996886;17;2003;Action
Multi-channeled demand-driven forecast;Chad Hess;5782;Frank, Hart and Marquez;80604687;4;1971;Drama
Ameliorated human-resource installation;Scott Mcgee Jr.;6443;Caldwell-Hall;59893623;3;1976;Comedy
Virtual reciprocal Graphical User Interface;Alexandra Larson MD;7563;Reed PLC;10233064;4;2011;Action
Face-to-face cohesive strategy;Tanya Gentry;5924;Gonzalez Ltd;48471311;23;2017;Comedy
Enterprise-wide attitude-oriented software;Melissa Rodriguez;6537;Walters and Sons;20954808;4;2022;Action
Future-proofed multimedia solution;Anthony Lee;6603;Villarreal-Mann;63200799;23;2012;Comedy
Decentralized object-oriented strategy;William Luna;6765;Schroeder, Summers and Jones;48862065;24;1973;Drama
Re-engineered composite secured line;Amanda Bradford;5135;Davis, Conley and Powell;41336402;17;2003;Drama
Reverse-engineered modular installation;Andre Wolf;7698;Thompson-Moreno;6001906;18;1989;Action
Sharable systemic archive;Jeffery Johnson;4116;Jackson, Gibbs and Good;56773361;18;2000;Drama
Synergized object-oriented adapter;Mrs. Kimberly Herrera DVM;5125;Olson-Barker;72651562;23;1997;Action
Horizontal tertiary secured line;Latoya Osborn;4264;Davis, Ashley and Manning;24269710;9;2020;Action
User-centric content-based concept;Adam Costa;6443;Perez-Murphy;65763256;13;2008;Action
Multi-lateral full-range concept;Maria Marshall;6701;Jones LLC;30314990;8;1984;Comedy
Diverse fault-tolerant flexibility;Shawn Garcia;4697;Cobb-Diaz;96199358;1;2004;Action
Implemented contextually-based initiative;Todd George;6488;Welch-Walker;11860637;7;2020;Action
Realigned reciprocal Local Area Network;Alyssa Griffin;5994;Miller, Chapman and Hill;16454752;22;1998;Comedy
Fully-configurable systemic monitoring;Jordan Roberts;7422;Brooks and Sons;36696138;17;1998;Action
Progressive intangible function;Nicholas Rush;7477;Garcia, Daniel and Kaiser;78805360;22;2007;Thriller
Public-key next generation architecture;Alejandro Porter;8159;Walker LLC;70809522;4;2017;Drama
Decentralized composite structure;Jessica Brock;4862;David Group;67352972;8;2003;Comedy
Ergonomic cohesive database;Mark Ross;5496;Rowland LLC;38889826;1;2005;Drama
Persistent homogeneous application;Jason Booker;4448;Ray PLC;73621274;17;1970;Thriller
Streamlined actuating contingency;Gene Daniels;3694;Hensley LLC;28533365;18;1980;Action
Vision-oriented solution-oriented collaboration;Alicia Murray;4724;Kennedy, Bartlett and Smith;21219810;10;1994;Thriller
Multi-channeled object-oriented collaboration;David Lindsey;3924;Brown, Lin and Smith;28295609;2;1998;Drama
Triple-buffered mobile time-frame;Mrs. Katherine Diaz MD;8035;Ayers-Reeves;68290627;21;2004;Comedy
Enhanced value-added attitude;Elizabeth Huffman;5417;Conner, Moore and Miller;75293959;10;1990;Comedy
Total content-based frame;Ana Ware;7215;Dunn, Woods and Shannon;13540164;1;1976;Thriller
Programmable 24/7 conglomeration;Gina Fernandez;6399;Taylor PLC;60596032;21;1995;Action
Focused motivating secured line;Jose Taylor;3870;Kennedy, Coleman and Mendez;55689072;12;2001;Drama
Function-based cohesive framework;Joseph Bowers;5671;Kent-Hoffman;5948739;20;2016;Action
Self-enabling client-server alliance;Michelle Jacobs;7812;Munoz LLC;96845444;18;1991;Action
Fully-configurable disintermediate hierarchy;Darren Price;5157;Golden, Armstrong and Wilson;89219137;3;2004;Comedy
Visionary reciprocal methodology;Eric Johnson;7833;Wilson Ltd;21504660;11;2011;Action
Phased directional productivity;Rebecca Frye;5192;Andrews-Miller;72235764;14;1985;Thriller
Up-sized methodical complexity;Martin Gregory;5762;Sutton, Shea and Cook;26895579;24;2003;Drama
Optional zero administration task-force;Mary Thompson;6142;Atkinson Ltd;37330285;21;2011;Drama
Horizontal didactic flexibility;Kimberly Taylor;5662;Roberts-Ross;31268026;17;2021;Comedy
Multi-channeled next generation help-desk;Claudia Cain;7956;Taylor Group;4592286;21;1985;Thriller
Networked tangible initiative;Scott Perkins;6313;Henderson, Thompson and Brown;4579414;14;1995;Drama
Streamlined bifurcated ability;Mark Mcgrath;6869;Jackson PLC;55860375;8;2001;Thriller
Multi-channeled high-level synergy;Carol Harrison;7214;Forbes-Sanchez;99019233;15;1970;Thriller
Distributed real-time toolset;Eric Barnes;7336;Morales, Cummings and Pierce;92598926;13;1977;Thriller
Cross-platform full-range extranet;Thomas Rodriguez;3640;Delacruz-Adams;80399854;6;2001;Comedy
Pre-emptive discrete conglomeration;Sandra Nguyen;4522;Walker LLC;91043169;4;1971;Comedy
Enterprise-wide 5thgeneration model;Paul Rosales;7048;Rogers LLC;24424919;3;1981;Action
Reverse-engineered real-time workforce;Lisa Fisher;6149;Woodward-Brown;99262038;24;1978;Action
Intuitive motivating product;Roy Gardner;4535;Howard, Miles and Russell;90539077;16;1976;Comedy
Expanded discrete challenge;Steven Coffey;7063;Estrada-Olsen;92826986;5;2007;Thriller
Advanced human-resource application;Jon Pearson;7223;Evans, Wilson and Jackson;71362397;1;2015;Action
Ameliorated exuding groupware;Michael Davis;3983;Perry-Patrick;53568035;5;1997;Action
Synchronized reciprocal neural-net;Roberta Morris;6627;Reyes-Franklin;76892582;16;2015;Drama
Optimized actuating website;Joshua Rios;3906;Ruiz-Lee;15257870;17;1991;Drama
Persistent upward-trending intranet;Todd Butler;5782;Conley-Cooper;31897539;18;1996;Thriller
Implemented zero tolerance interface;Matthew Rodriguez;7072;Leach Inc;48232810;11;1974;Drama
Upgradable global concept;Perry Cowan;3656;Love and Sons;55143421;10;2009;Action
Decentralized upward-trending interface;Tonya Davila;4249;Lopez-Gibson;32046021;21;1984;Comedy
Robust real-time time-frame;Steven Hebert;7366;Ramirez, Alvarado and Mckay;70127356;10;2011;Action
Balanced mobile capacity;Amber Martin;8160;Chan and Sons;54730021;24;1979;Action
Focused client-driven collaboration;Ernest Jones;5211;Hunter, Jones and Lawrence;44453157;7;1970;Comedy
Reduced tangible infrastructure;Alexander Caldwell;6377;Frye, Mendoza and Booth;22253091;6;1981;Drama
Multi-lateral next generation application;John Garcia;8063;Simpson-Nelson;95605065;14;1990;Thriller
Open-source maximized infrastructure;Jamie Oliver;4205;Davis, Clark and Larson;68586856;5;1989;Drama
Organized 5thgeneration forecast;Michelle Petersen;6469;Bates and Sons;44005661;7;2007;Thriller
Function-based upward-trending system engine;Christopher Taylor;7483;Young-Rodriguez;26145726;6;2003;Action
Quality-focused background superstructure;Hannah Sosa;7648;Hunter and Sons;80742848;5;2015;Drama
Open-architected 6thgeneration circuit;Christina Baker;8226;Anderson and Sons;22391932;15;2017;Comedy
Versatile next generation core;Anthony Mccoy;7704;Pierce Ltd;38544740;13;2003;Action
Multi-lateral object-oriented firmware;Katie Barnes;6507;Marquez, Lane and Chen;14298722;23;1978;Drama
Open-source didactic infrastructure;Danny Roberts;7849;Potter LLC;1249305;13;1998;Thriller
Self-enabling systematic artificial intelligence;Michael Robinson;8191;Peterson-Kirk;49867293;7;2015;Action
Ergonomic motivating forecast;Kathy Rodriguez;6563;Knapp, Anderson and Carr;11316468;24;1985;Action
Digitized fault-tolerant alliance;Stacey Huang;8287;Robinson, Ray and Perkins;95534479;17;2019;Thriller
Secured incremental knowledge user;Melissa Snyder;5987;Hill PLC;13929340;1;2000;Comedy
Multi-layered mobile moderator;Kimberly Moore;5501;Watson-Ryan;48610208;13;1983;Thriller
Fully-configurable asynchronous definition;Maria Dennis;6643;Cantu, Robles and Mccormick;85391134;11;2014;Thriller
Upgradable transitional neural-net;Michelle Leonard;5432;Allen LLC;35620720;6;1988;Comedy
Phased multi-state leverage;Joshua Dalton;5766;Patterson Group;77235079;13;2022;Comedy
Sharable web-enabled flexibility;John Brown MD;7726;Buckley-Olson;45123603;5;2007;Action
Total 24/7 archive;Virginia Roy;7576;Villanueva, Bennett and Stone;45364739;12;1980;Drama
Self-enabling needs-based ability;David English;5173;Moore, Hernandez and Roy;96313058;15;2009;Drama
Integrated multi-state conglomeration;Erin Floyd;7945;Long, Brown and Livingston;28354579;15;2010;Action
Fundamental next generation flexibility;Hannah Reed;6652;Rios, Chavez and Watkins;52767929;3;1980;Thriller
Assimilated needs-based methodology;Bradley Miller;5442;Smith, Perez and Moore;97319519;14;1998;Action
Open-architected user-facing circuit;Neil Marquez;7266;Garcia Ltd;17976480;15;1978;Drama
Reactive even-keeled installation;Tony Villarreal;5432;Wright-Obrien;44255832;23;2011;Thriller
Grass-roots transitional middleware;Lisa Morgan;6614;Frank-Davis;92095567;21;1999;Thriller
Enterprise-wide cohesive instruction set;Brian Haynes;7613;Velez and Sons;54751272;11;1974;Thriller
Cloned methodical time-frame;John Fleming;4127;Bowers-Cook;17316933;23;2011;Action
Reactive uniform Graphic Interface;Robert Carter;5766;Sims, Holland and Wood;52275930;9;1991;Comedy
Devolved scalable support;Emily Ferguson;7591;Fernandez and Sons;66848996;6;2020;Action
Organized zero administration firmware;Juan Jacobs;7781;Lopez-Thompson;69645224;1;2003;Thriller
Synergistic analyzing info-mediaries;Tracy Miranda;3923;Smith, Wright and Scott;27493017;18;2004;Drama
Digitized incremental archive;Amanda Campbell;7574;Moody Ltd;35061460;24;1976;Thriller
Realigned executive solution;Robert Wright;8105;Smith Inc;86826092;9;2008;Thriller
Advanced modular hub;Miguel Walsh;7987;Miller-Bullock;8077274;12;1997;Action
Up-sized content-based firmware;Richard Jones;7561;Morrow, Morton and Martinez;11349081;6;2006;Drama
Synergized attitude-oriented attitude;Monique Stewart;4762;Murillo, Webb and Ramirez;54903620;4;1996;Thriller
Synchronized 5thgeneration middleware;Jessica King;6823;Wolf, Arnold and Long;13095582;23;1973;Drama
Balanced 24hour website;Jason Horne;5143;Mcneil, Hurst and Brennan;48023530;23;1979;Thriller
Enhanced bottom-line approach;Shane Rivera;6442;Mathis, Jensen and Harris;87525143;3;2004;Comedy
Versatile directional pricing structure;Joshua Ramirez;4803;Farmer, Willis and Barnett;78097875;16;2012;Drama
Quality-focused 24hour hub;Austin Chung;4720;Bowman, Weber and Gonzalez;57553304;7;2020;Drama
Synchronized explicit application;Nancy Thompson;6449;Hamilton and Sons;30798851;8;2021;Action
Total 24hour artificial intelligence;Melanie Oliver;6445;Sparks-Ryan;52952741;13;1975;Thriller
Virtual neutral approach;Holly Wong;5035;Sanford and Sons;77222715;22;1984;Thriller
Synergistic optimizing ability;Jesse Randolph;7966;Phillips-Deleon;26839158;3;1991;Drama
Optional mobile array;Sandra Bridges;5494;Fleming-Bridges;48725153;22;1995;Drama
User-centric zero-defect secured line;Harold Martin;6244;Cortez Inc;28508998;3;2014;Thriller
Persevering disintermediate initiative;Matthew Davis;5918;Evans, Clay and Moore;33224207;17;2018;Thriller
Automated context-sensitive ability;Douglas Moore;8049;Williams Inc;60872992;4;2017;Action
Exclusive next generation instruction set;Sarah Vang;7209;Allison, Andrews and Garcia;61820229;9;2003;Thriller
Optimized maximized info-mediaries;Theresa Wilkinson;3792;Morse-Morgan;62710442;18;2018;Drama
Reverse-engineered web-enabled throughput;Victor Jones;5304;Callahan, Casey and Davis;58315790;10;1971;Comedy
Customer-focused exuding superstructure;Kathryn Johnson;7844;Smith-Swanson;35838012;17;1980;Action
Multi-tiered exuding monitoring;Nicholas Valencia;3918;Cruz-Lloyd;26282204;9;1984;Comedy
Quality-focused non-volatile Local Area Network;Kenneth Smith;5128;Henderson-Brown;17709258;2;2016;Comedy
Proactive discrete open architecture;Kara Lee;5408;Maldonado Ltd;86903128;18;1985;Action
Progressive systematic instruction set;Alexa Baker;4400;Cole-Smith;50624227;16;1981;Action
Reduced coherent system engine;Sherry Edwards;6634;Carlson Group;72394460;7;2003;Comedy
Vision-oriented optimal parallelism;Destiny Morales;7143;Graham PLC;37627168;22;1973;Drama
Balanced bandwidth-monitored Graphic Interface;Matthew Flores DVM;3857;Johnson, Pham and Gibson;45469030;4;2010;Comedy
Profound zero administration model;Michael Park;5643;Riley, Gonzales and Bennett;62861388;18;2014;Comedy
Horizontal radical approach;Brandon Baxter;6964;Chapman-Andrews;1810263;8;1997;Comedy
Ameliorated zero tolerance projection;Michael Wolfe;7829;Moran PLC;92768564;22;1980;Action
Extended contextually-based circuit;Rachel Nelson;7728;Edwards-Romero;25440926;11;2016;Drama
Total real-time infrastructure;Jennifer Short DVM;4308;Hughes-Norman;44308532;20;2001;Action
Fundamental encompassing access;Craig Warren;5173;Shaw-Abbott;54575942;3;2016;Drama
Inverse dedicated structure;Karen Cohen;5145;Butler-Bartlett;74349061;7;1999;Comedy
Multi-lateral real-time customer loyalty;Robert Brown;5939;Henderson, Garcia and Martin;30789115;6;2022;Action
Multi-layered non-volatile concept;Mrs. Tina Bowers;7797;Gutierrez, Schmidt and Newton;97715774;2;1972;Action
Integrated object-oriented model;Amanda Ellis DDS;4353;Werner-Peterson;48838170;23;2004;Action
Synchronized tertiary forecast;Keith Gray;8392;Wells-Blair;95217345;19;2006;Drama
Switchable bifurcated definition;Nathan Rivera;5664;Case Inc;81190637;16;1992;Thriller
Cross-group asynchronous software;Daniel Rodriguez;7720;Hancock-Malone;15508322;9;2001;Action
Exclusive regional Local Area Network;Randy Hughes;7672;Gamble-Burton;30715680;10;1970;Action
Diverse high-level paradigm;Amy King;6231;Stewart Ltd;32283353;3;1993;Action
Function-based 24hour middleware;Tyler Clark;7943;Burke, Stewart and White;1794915;16;1977;Thriller
Cloned 24hour open system;Douglas Ford;5895;Howard, Glass and Bailey;17701871;14;2011;Thriller
Ameliorated regional artificial intelligence;Darlene Robinson;6123;Morales Ltd;63663335;3;2013;Drama
Vision-oriented system-worthy productivity;Anthony Salinas;4162;Keller-Salazar;42922974;14;2022;Thriller
Inverse asymmetric framework;Brandon Manning;5191;Kent-Smith;23373272;20;1986;Thriller
Monitored homogeneous parallelism;Mrs. Jennifer Payne;6763;Baird Ltd;88656085;23;2009;Comedy
Devolved zero tolerance superstructure;Alex Cunningham;4690;Watkins Ltd;63800424;19;2017;Action
Triple-buffered tertiary neural-net;Jon Wu;3681;Wallace, Reyes and Conner;80042385;17;2006;Drama
Exclusive human-resource solution;Lindsay Ross;7164;Williams-Bowman;58508105;3;1970;Thriller
Expanded 6thgeneration core;Marvin Willis;8344;Atkinson-Chambers;37755676;3;1973;Thriller
Vision-oriented empowering middleware;James Phillips;7158;Dominguez, Gilbert and Mitchell;74971035;8;1993;Drama
Secured local challenge;Joshua Wilcox;6512;Zamora Inc;74417445;18;2020;Comedy
Ergonomic dynamic protocol;Paul Porter;7722;Sanchez-Ryan;97997840;13;1991;Comedy
Enterprise-wide stable implementation;Christopher Rubio;5097;Williams-Barnes;20122196;9;2019;Drama
Synchronized holistic pricing structure;Janet Higgins;7717;Figueroa-Conway;3926778;23;2011;Drama
Front-line grid-enabled migration;Kathleen Townsend;5318;Dixon-Baker;8399724;13;2019;Drama
Adaptive analyzing benchmark;Joshua Jackson;7816;Noble-Oconnor;23484502;19;1990;Comedy
Stand-alone value-added time-frame;James Trujillo;4303;Anderson-Andersen;90363559;11;1980;Thriller
Synergized zero-defect utilization;Geoffrey Holt;7582;Harrington-Jarvis;56154957;24;2019;Action
Realigned human-resource functionalities;Michelle Arnold;6805;Robinson, Johnson and Roberts;2755807;23;2010;Thriller
Distributed real-time circuit;Clayton Johnson;8276;Graham and Sons;48162813;16;2016;Thriller
Digitized bifurcated moratorium;Margaret Payne;4253;Bell, Hudson and Martin;14494818;4;2018;Thriller
Reactive asymmetric frame;Howard Norris;5708;White Ltd;44029112;19;1991;Action
Open-source explicit website;Gregory Reeves;7475;Rodriguez, Rivera and Soto;79607798;21;1998;Thriller
Inverse radical database;Alec Robles;5111;Phelps, Morales and Garza;26136608;16;2014;Thriller
Persevering solution-oriented adapter;Steven Scott;6964;Cook-Wright;56750400;9;2008;Comedy
Optimized executive application;Sheila Perez;7575;Quinn Inc;12435478;4;2016;Thriller
Centralized dynamic Local Area Network;Melissa Gomez;6313;Hall LLC;15828630;17;1987;Thriller
Progressive actuating attitude;Jennifer Parks;4391;Diaz Ltd;99088247;6;2014;Thriller
User-friendly foreground benchmark;James Coleman DDS;4259;Robinson PLC;8153882;11;2016;Action
Sharable holistic parallelism;Ryan Scott;3971;Hill, Krause and Ayala;21125102;19;2008;Comedy
Balanced methodical capability;Jonathon Brandt;4945;Foley, Mcmahon and Gonzalez;698758;21;2020;Drama
Configurable fresh-thinking intranet;Katie Jones;7432;Castaneda-Moran;58934306;2;1972;Drama
Profound tangible instruction set;Danny Sanchez;7358;Skinner, Gibson and Davidson;7631915;20;2000;Drama
Profound user-facing help-desk;Kelly Miller;5374;Young-Lee;77071022;19;1997;Thriller
Inverse didactic functionalities;Paul Walker;6437;Arroyo and Sons;9224009;2;2011;Action
Compatible next generation strategy;Julie Ross;5340;Wilkinson and Sons;96599239;19;1986;Action
Exclusive disintermediate moratorium;Joshua Chen;4079;Williamson, Watson and Vasquez;16440173;22;1990;Drama
Customer-focused scalable frame;Ann Jacobs;8250;Henderson PLC;19741515;20;1980;Action
Enterprise-wide multimedia synergy;Zachary Miller;7719;Ferguson, Wilson and Williams;64109616;7;1986;Action
Versatile intangible collaboration;Melanie Summers;5309;Tucker, Rios and Moore;40327847;19;1999;Action
Visionary scalable concept;Jared Larson;6929;Ford Group;6560004;8;1997;Action
Triple-buffered optimizing complexity;Keith Potts;7633;Davis Inc;92030795;10;2012;Comedy
Extended user-facing Graphic Interface;Nathan Davis;8010;Clay-Martinez;37762489;2;1990;Drama
Reactive zero administration data-warehouse;James Lamb;6829;Price, Gonzalez and Ruiz;1185260;6;1989;Comedy
Cross-platform background paradigm;Scott Carter;6757;Fisher, Mckee and Ward;30088776;20;2013;Thriller
Robust tangible matrices;Eric Jordan;5472;Martinez PLC;7312084;21;1989;Thriller
Profound multi-tasking core;Tiffany Myers;8372;Heath Inc;40595347;16;2014;Comedy
Open-architected actuating circuit;Hunter Kim;7542;Butler, Reid and Walker;73275317;14;1989;Comedy
Face-to-face bi-directional complexity;Nicholas David;4155;Nichols-Hughes;95299896;17;1971;Thriller
Down-sized needs-based standardization;Amanda Clark;4504;Rosales-Ford;75777022;15;1988;Action
Self-enabling radical moderator;Kristine Brooks;7125;Johnson LLC;81337592;18;1995;Thriller
Synchronized zero tolerance support;Tyler Sanchez;8400;Rodriguez-Gomez;43875776;22;1987;Thriller
Profit-focused bifurcated neural-net;John Sanchez;3666;Foster Inc;12286395;21;2019;Drama
Networked background neural-net;Nicole Contreras;8155;Jackson, Bryant and Tran;93949319;17;1982;Thriller
Balanced well-modulated architecture;James Patterson;5946;Henry-Mathis;99518208;20;1989;Action
Right-sized executive open system;Joy Lewis;6837;Goodwin, Russell and Hoffman;25550359;4;2001;Drama
Seamless optimizing support;Elizabeth Scott;4444;Clark Ltd;7040531;4;2013;Drama
Mandatory context-sensitive access;Crystal Murphy;8338;Stafford Group;75672974;23;1993;Action
Mandatory intangible function;Traci Edwards;6620;Lewis-Christian;88175440;4;1986;Thriller
Synergistic attitude-oriented flexibility;Carol Martin;8420;Cruz Inc;40474193;13;2000;Comedy
Fundamental zero administration capacity;Bruce Barton;7210;Gonzalez-Oliver;48491628;19;2015;Drama
Progressive tangible policy;Gabriella Anderson;5825;Hopkins-Patterson;59319984;14;1999;Drama
Upgradable systematic attitude;Randy Valenzuela;4037;Winters PLC;25104869;22;1973;Thriller
De-engineered object-oriented array;Harry Manning;3797;Baker Ltd;12045885;7;2004;Comedy
Multi-tiered homogeneous productivity;Andrea Chambers;4827;Diaz-Riddle;46348868;17;1974;Comedy
Sharable transitional secured line;Teresa Lopez;5169;Peters-Diaz;73141144;6;1985;Drama
Managed regional firmware;Kaitlyn Walker;6215;Wells-Johnson;63128375;11;1982;Action
User-friendly actuating capability;Monica Bradshaw;8144;Weber PLC;1532439;12;1987;Action
Grass-roots incremental application;Rebecca Johnson;5352;Davis LLC;27813800;24;2020;Action
Customer-focused client-driven access;Patty Rogers;3826;Wilson-Smith;17769848;14;2014;Thriller
Persevering zero administration workforce;Joshua Garcia;7371;Harrison, Myers and Nguyen;27979141;22;1986;Comedy
Cloned asynchronous matrices;Harold Williams;4509;Rodriguez-Butler;82378082;17;1995;Thriller
Configurable high-level benchmark;Shawn Meyer;3986;Clark-Hall;74285788;17;2019;Drama
Phased multi-tasking throughput;Megan Liu;7976;Bates-Powell;29888832;12;1998;Drama
Open-architected transitional Graphical User Interface;Marcus Parker;3697;Lloyd-Gomez;46814183;3;1978;Thriller
Exclusive clear-thinking structure;Lisa Hamilton;5196;Wolf, Anderson and Cortez;75599207;16;2020;Thriller
Customer-focused high-level complexity;Julie Lloyd;5448;Stark, Fernandez and Mcfarland;6489141;17;1993;Action
Customer-focused holistic complexity;Katie Henry;5471;Cooper, Adams and Byrd;37874831;20;1981;Drama
Operative dynamic pricing structure;Melissa Howard;5611;Cooper, Wright and Wood;2055585;22;2001;Comedy
Future-proofed eco-centric paradigm;Jennifer Johnson;7756;Mack-Carpenter;52792351;17;1979;Drama
Programmable 4thgeneration protocol;Ashley Smith;8139;Spencer-Villarreal;32885530;11;1980;Action
Digitized user-facing initiative;Michael Smith;4834;Burke-Nelson;33298516;3;1977;Drama
Balanced fault-tolerant framework;Steven Wilson;4988;Livingston-Fernandez;3545759;3;1971;Drama
Synergized 6thgeneration implementation;Andrew Davis;4656;Munoz Inc;49688924;5;2013;Thriller
Streamlined bandwidth-monitored model;Daniel Johnson;5958;Hartman, Turner and Mendoza;35947684;8;1989;Comedy
Exclusive motivating methodology;Anita Ruiz;4897;Ryan, Washington and Cruz;37261866;21;1988;Action
Cloned homogeneous portal;William Keith;7632;Wells, White and Smith;89559684;9;1982;Thriller
Implemented system-worthy architecture;Natalie Wilkins;4236;Blanchard, Wright and Jones;72564953;16;2010;Comedy
Devolved systematic groupware;Mark Rivera;6747;Pratt, Norris and Day;8997200;19;1982;Action
Reactive bifurcated success;Tanya Price;3681;Kelly-Wilson;67963544;13;1983;Thriller
Optimized disintermediate projection;Cindy Bishop;5526;Montes and Sons;69587339;22;1986;Comedy
Virtual systematic policy;Robert Brown;4137;Smith, Bowen and Waller;87224066;3;1971;Thriller
Robust secondary open system;Erin Ford;6164;Parker-Fox;33515867;16;2007;Comedy
Phased solution-oriented core;Mr. Matthew Roach;4661;Jefferson-Bender;95766827;18;2003;Drama
Versatile local interface;Tyler Potter;6271;Edwards PLC;20408002;15;1976;Action
Visionary disintermediate utilization;Joshua Gordon;6237;Combs, Holloway and Patterson;57706553;18;1972;Action
Mandatory value-added synergy;Edward Lopez;6774;Hall PLC;40097088;2;1997;Comedy
Cloned 6thgeneration encryption;Cody Hurley;3600;Brooks, Cain and Cox;13436256;7;2018;Drama
Extended asymmetric time-frame;Allison Clark;4803;Washington, Rush and Morrow;92663642;4;1987;Thriller
Digitized hybrid software;Laura Holland;4785;Thomas-Hernandez;35508340;19;2010;Action
Distributed client-driven pricing structure;Jeremy Lawrence;4462;Rivera-Stewart;45680092;6;2020;Comedy
Optional fresh-thinking implementation;Tracy Dominguez;5708;Baker, Contreras and Parks;86141154;18;2001;Thriller
Reactive bandwidth-monitored artificial intelligence;Lori Cain;4485;Ferrell PLC;43757862;23;2000;Action
Cloned 4thgeneration collaboration;Trevor Bonilla;4401;English-King;48059144;19;2005;Drama
Cross-platform content-based analyzer;Timothy Castro;7804;Phillips-Soto;79613601;15;2013;Drama
Persistent bifurcated focus group;Alexander Mclaughlin;3719;Deleon, Rivera and Martinez;44876074;1;2003;Action
Networked well-modulated algorithm;Brenda Lucas;6171;Castillo-Patterson;56346873;16;1979;Action
Stand-alone value-added solution;Emily Bailey;7976;Jackson, Moyer and Ortiz;22833107;6;1990;Action
Open-architected real-time hardware;Alan Spence;5051;Zuniga, Taylor and Schmidt;61231444;20;1987;Action
Multi-channeled mission-critical infrastructure;Arthur Miller;8035;Owens PLC;88804499;7;1983;Thriller
Compatible zero-defect approach;Gregory Calhoun;5247;Conley, Barker and Garza;81943792;13;2013;Thriller
Streamlined didactic service-desk;Angela Thomas;7981;Rodriguez, Wright and Wu;11349099;6;2000;Action
Fundamental client-server encoding;Yvonne Hodges;4466;Soto and Sons;24120078;17;2022;Action
Persevering impactful encryption;Denise Reeves;5191;Cain-Montoya;31220733;12;2004;Action
Balanced impactful model;Tracy Leon;8301;Greene LLC;59332331;17;2002;Thriller
Public-key 3rdgeneration frame;Richard Burke DDS;7469;Butler, Thompson and Carlson;64933144;14;2009;Action
Focused heuristic knowledgebase;Susan Butler;6789;Krause PLC;50787951;15;2002;Comedy
Enhanced grid-enabled customer loyalty;Linda Terrell;4290;Turner-Roberts;53256672;17;2017;Action
Profit-focused leadingedge structure;Megan Butler;6042;Lee, Brown and Cook;39115156;9;2005;Comedy
Devolved directional process improvement;Marissa Stout;7671;Hayes, Myers and Estrada;40049828;11;1977;Comedy
Persevering hybrid pricing structure;Charles Wade;5382;Miller and Sons;9299930;23;1999;Action
Balanced leadingedge attitude;Andrea Harper;4601;Lyons, Flores and Peterson;74170310;23;2005;Drama
Triple-buffered human-resource synergy;Carla Anderson;5287;Chan, Robinson and Owen;72647014;14;1979;Thriller
Cloned dedicated matrices;Adrienne Terry;5391;Hill, Garner and Hodges;36450381;7;1975;Thriller
Phased intangible budgetary management;Lauren Conley;4742;Flynn, Wright and Brown;71867910;8;2014;Action
Fully-configurable didactic capacity;Ashley Rodriguez;8278;Schroeder-Moss;52068165;6;2003;Thriller
Persevering content-based interface;Kiara Castro;5461;Lindsey-Moreno;43268265;3;2020;Thriller
Public-key incremental alliance;Mark Fisher;6957;Durham PLC;99525724;8;2018;Drama
Ergonomic fault-tolerant time-frame;Bryan Jones;3653;Oliver-Jackson;5008959;6;2020;Thriller
Upgradable radical methodology;Amy Williamson;5696;Hill-Peterson;9515720;21;2000;Drama
Phased exuding ability;Diamond Lyons;8427;Turner PLC;4568131;19;1997;Thriller
Customizable well-modulated process improvement;Barbara Moyer;6645;Garrett Ltd;78600312;23;1975;Drama
Up-sized systematic matrices;Joshua Hayes;5975;Anderson, Gomez and Flowers;74726424;15;2022;Action
De-engineered even-keeled neural-net;Michael Lane;3800;Raymond, Reyes and Heath;92259533;5;1982;Action
Integrated motivating conglomeration;Daisy Acosta;5009;Wright Inc;11802612;21;2016;Action
Adaptive content-based conglomeration;Lawrence Abbott;4241;Le, Wade and Riddle;40028489;16;2018;Thriller
Business-focused bandwidth-monitored time-frame;Paul Mcneil;4614;Stark, Richardson and Rodriguez;64377103;20;1978;Action
Diverse asynchronous open system;Michelle Rosario MD;4349;King-Adams;39666587;16;2008;Thriller
User-centric object-oriented superstructure;David Richardson DVM;5289;Bishop, Jensen and Mcknight;54548629;24;1987;Drama
Profound bi-directional forecast;Kari Murray;8072;Brock-Walker;67053529;18;1977;Thriller
Realigned zero tolerance neural-net;Jay Morris;7607;Guzman, Randolph and Armstrong;67202821;19;1972;Action
Vision-oriented logistical challenge;Patrick Norton;4118;Bates-Matthews;97790950;15;1995;Action
Re-contextualized asymmetric orchestration;Trevor Juarez Jr.;6053;Martin-Hughes;28676474;6;1993;Thriller
Reverse-engineered explicit Local Area Network;Jessica King;5283;Carter-Jackson;93832347;16;2006;Thriller
Enterprise-wide logistical concept;Albert French;5436;Mitchell-Cole;19691295;20;1988;Drama
Realigned solution-oriented methodology;Richard Cherry;3833;Cantrell Ltd;75484531;6;1981;Thriller
Business-focused actuating data-warehouse;Destiny Smith;7057;Sanchez-Camacho;39096942;12;2019;Thriller
Multi-tiered regional software;Sherry Brown;5837;Jones, Miles and Durham;59538432;16;1993;Action
Organic object-oriented complexity;Emily Ramos;5017;James, Frye and Aguirre;75267548;23;1989;Comedy
Cross-platform hybrid analyzer;Michael Hubbard;5508;Johnson-Moss;42661884;7;2022;Thriller
Persistent national matrix;Mr. William Mcdonald;5832;Zhang Ltd;69241667;13;2019;Comedy
Mandatory clear-thinking interface;Elijah Johnson;6100;Bryan, Bradley and Kemp;8491597;15;2021;Drama
Front-line 6thgeneration core;Daniel Rhodes;4697;Barr Inc;30151029;20;2012;Drama
Innovative 6thgeneration Graphical User Interface;Suzanne Padilla;4432;Johnson, Pierce and Hernandez;78152970;2;2013;Action
Operative discrete focus group;Mr. Joshua Shah;7754;West-Bishop;21502345;3;1992;Thriller
Polarized radical strategy;Samuel Turner;5653;Fuller, Bell and Jimenez;60557792;19;1973;Drama
Monitored actuating emulation;James Allen;7530;Jackson, Hernandez and Fox;20614690;5;2006;Thriller
Reverse-engineered interactive implementation;Christopher Cain;5102;Walker LLC;91559987;7;1975;Thriller
Team-oriented attitude-oriented data-warehouse;Carly Johnston;6097;Thompson Inc;97642261;7;1998;Drama
Team-oriented bandwidth-monitored policy;Thomas Pham;6790;Pierce PLC;32436084;12;2016;Action
Expanded explicit framework;Jacob Meyer;5053;Gutierrez LLC;29227317;1;1974;Drama
Persistent motivating firmware;Scott Smith;4314;Hubbard-Johnson;50723319;10;1982;Thriller
Reverse-engineered tangible capacity;Paul Aguilar;6377;Mata and Sons;71889741;14;1978;Comedy
Phased explicit capability;Nathaniel Rodriguez;7270;Rosario-Henderson;64376567;1;1985;Comedy
Triple-buffered solution-oriented website;Seth Wiley;7476;Matthews LLC;47946997;18;2021;Action
Balanced interactive encoding;Natalie Juarez;6173;Cervantes-Steele;94942469;23;2011;Comedy
Programmable systemic superstructure;Laura Davis;4870;Munoz Ltd;71503692;13;1980;Action
Polarized client-driven algorithm;Peter Gardner;4880;Clark Inc;34940308;8;2015;Comedy
Operative next generation paradigm;Lori Pearson;8202;Nelson-Mata;81237178;15;1985;Drama
Public-key executive attitude;Douglas Johnson;6802;Ross, Knight and Garcia;75033806;20;1973;Thriller
Balanced interactive hierarchy;Katelyn Vargas;7148;Salazar, Curtis and Gomez;12188854;21;1980;Drama
Customer-focused executive algorithm;Angela Green;5330;Montgomery Group;33942339;13;2014;Action
Business-focused mission-critical instruction set;John Jimenez;6316;Lewis, Thompson and King;43782501;11;1985;Drama
Cross-platform asynchronous pricing structure;Ashley Wong;7071;Greer-Gutierrez;87677584;22;1993;Comedy
Assimilated coherent Local Area Network;Tracy Summers;7002;Preston, Stevens and Brown;14410632;22;2014;Action
Triple-buffered bandwidth-monitored capability;Rebecca Hernandez;7363;Phillips LLC;59847112;8;1979;Drama
Versatile zero-defect customer loyalty;Keith Smith;5285;Rhodes-Skinner;42518997;17;2000;Comedy
Inverse logistical circuit;Michelle Alvarado;4418;Parsons, Hall and Hines;43411224;4;1972;Thriller
Mandatory demand-driven Local Area Network;Jeremy Shaw;7340;Smith and Sons;31803942;7;1986;Comedy
Optional client-driven artificial intelligence;Richard Cooper Jr.;6434;Maxwell, Brock and Weaver;31298888;20;2004;Drama
Vision-oriented foreground hub;Wanda Miller;7469;Thompson-Dillon;11392550;5;2010;Drama
Monitored background artificial intelligence;Justin Adams;4366;Washington, Snow and Martinez;46373646;16;2001;Comedy
Seamless coherent budgetary management;Arthur Patel;6082;Torres LLC;93517896;20;1976;Comedy
Polarized even-keeled system engine;Jeff Watts;4730;Hawkins and Sons;26605331;23;2005;Drama
Fully-configurable non-volatile portal;Lisa Wagner;7620;Griffin-Henderson;57886253;6;2011;Action
Balanced human-resource implementation;David Nolan;5400;Ball-Randolph;15735083;5;1970;Action
Cross-platform heuristic solution;John Davis;6057;Ewing Inc;55284425;12;2001;Action
Extended background moratorium;Yolanda Stevens;3977;Pierce-Perez;15888159;13;1995;Drama
Virtual bandwidth-monitored projection;Katelyn Harris;6686;Simmons-Jackson;53131188;7;1988;Drama
Re-engineered reciprocal open system;Robert Floyd;6492;Chase and Sons;60102847;15;1980;Comedy
Visionary static flexibility;Darryl Johnson;6011;Dyer PLC;14688851;1;1972;Action
Phased mobile definition;Robert Smith;8342;Rogers, Kramer and Gonzalez;69426577;4;1994;Drama
Innovative optimal Local Area Network;Gary Davis;4013;Elliott-Hodge;12754696;7;2007;Action
Switchable optimal pricing structure;Steven Hanna;5853;Shannon-Hoover;32591676;4;1973;Drama
Total optimizing help-desk;Rachel Ford;7667;Rodriguez Inc;9411660;1;1972;Drama
De-engineered 3rdgeneration matrix;Emily Dixon;5411;Robinson LLC;2706614;14;1970;Drama
Team-oriented motivating product;Ryan Henderson;5484;Shaw LLC;62703186;12;2007;Drama
Virtual disintermediate website;Andrew Odom;6001;Petersen PLC;78481162;2;1981;Action
Optimized executive structure;Jose Lee;5205;Brown-Williams;90724279;10;1991;Action
Total secondary infrastructure;Debra Gibson;5404;Fitzpatrick, Davidson and Carter;57762474;8;2016;Drama
Organic grid-enabled toolset;Dana Gibson;6024;Roberts, Mercado and Jones;94489952;15;1988;Thriller
Horizontal systemic project;Nicholas Contreras;6820;Berger-Fuentes;45872444;24;1994;Thriller
Secured well-modulated productivity;Thomas Perry;4395;Nolan Group;74581573;13;2009;Comedy
Triple-buffered solution-oriented service-desk;Amanda Hall;4408;Woods-Oneill;15153708;4;1995;Thriller
Face-to-face coherent solution;Sarah Fletcher;7035;Rodriguez-Hudson;59445660;3;2011;Thriller
Down-sized executive website;Angela Gomez;7609;Stevenson-Robbins;48406877;11;1998;Action
Visionary logistical flexibility;Jacob Cunningham;7164;Carroll, Osborne and Jackson;55260785;11;2016;Comedy
Fully-configurable executive open system;Kara Johnson;6001;Cunningham and Sons;80713705;15;1981;Comedy
Exclusive uniform challenge;Karen Key;3630;Munoz, French and Gonzales;42333048;6;1979;Action
User-friendly didactic functionalities;Rebecca Sawyer;5758;Randolph PLC;19523869;2;1973;Action
Inverse heuristic monitoring;Stephen Graves;5402;Jones PLC;20165829;8;2013;Thriller
Cloned actuating model;Daniel Nguyen;6002;White and Sons;45589052;7;2011;Action
Organic multi-tasking model;Dorothy Ryan;3897;Rowland, Sanchez and Gray;76707772;5;1990;Thriller
Reactive multimedia project;Sharon Tucker;3645;Austin Ltd;47664059;7;2008;Thriller
Monitored tangible standardization;Erik Tucker;7444;Mcgrath Inc;55959390;12;2005;Comedy
User-friendly value-added access;Christina Thompson;4555;Pierce, Aguilar and Martinez;73868916;19;1992;Action
Enhanced systemic secured line;Martha Little;8167;Johnson Inc;48709622;12;2019;Action
Open-source non-volatile superstructure;Gary Long;6009;Silva-Brown;47990624;7;2009;Thriller
Devolved regional leverage;Glen Gonzalez;5554;Johnston-Johnson;10642694;1;1986;Drama
Future-proofed 3rdgeneration initiative;Brian Beasley;6166;Weiss-Fisher;46222707;17;2003;Thriller
Monitored high-level secured line;Susan Obrien;5285;West PLC;56232315;9;1988;Comedy
Intuitive multi-state attitude;Elizabeth Nichols;6794;Ford-Pratt;23294264;18;2021;Comedy
Open-architected exuding interface;Yvonne Thompson;5451;Sanchez and Sons;2956565;18;1976;Drama
Object-based dedicated protocol;Sherry Coleman;7545;Gordon-Avila;84824751;22;1981;Drama
Reduced bifurcated moratorium;Douglas Hernandez;6160;Solomon, Gonzalez and Villarreal;42190036;16;2000;Thriller
Right-sized non-volatile methodology;Madison Harris;5352;Wong, Decker and Bates;83100447;13;1979;Action
Balanced national moratorium;Jasmine Hunter;6262;Harrison, Ward and Smith;7142953;21;1975;Action
Re-engineered 4thgeneration portal;David Smith;4525;Davis-Hawkins;64851376;20;2016;Action
Cloned even-keeled middleware;Sean Potter;4517;Nicholson PLC;77079212;10;1984;Thriller
Open-architected maximized moderator;Cynthia Ortiz;7522;Singh-Blackwell;81226424;24;1973;Thriller
Adaptive methodical frame;Tommy Chen;4145;Johnson, Ortega and Roberts;45253320;6;1987;Drama
Face-to-face tertiary hub;Mr. Michael Dennis;6367;Rodriguez, Washington and Baker;93541423;8;1977;Action
Re-engineered composite concept;Julian Avery;7696;Wolf, Sharp and White;48790570;22;2017;Thriller
Secured maximized product;Vincent Bradford;8000;West, Graves and Hanson;98896362;19;1992;Comedy
Persevering multimedia paradigm;Henry Romero;6748;Dean, Scott and Walker;27299262;7;2015;Comedy
Virtual composite knowledge user;Mrs. Susan Stewart;6981;Ramirez LLC;55659497;10;2022;Action
Profit-focused well-modulated pricing structure;Stephanie Dunn;8208;Rojas, Romero and Henry;4914682;8;2005;Comedy
Automated secondary initiative;Judith Vega;3653;Russell, Colon and Prince;31147179;12;2000;Thriller
Synergistic well-modulated structure;Martin Garcia;5159;Diaz LLC;39293598;15;1979;Action
Realigned national open system;Toni Griffin;4379;Cook, Garcia and Fields;66520698;15;2017;Action
Persistent coherent website;Valerie Hernandez;7328;Miller Inc;4587646;24;1991;Comedy
Organic multimedia collaboration;Dana Crawford;8426;Thompson-Collins;92503252;2;1980;Drama
Business-focused dynamic implementation;Cheryl Wright;8049;Moore, Elliott and Barber;53431962;2;1994;Comedy
Robust heuristic attitude;Michael Mitchell;3752;Morgan, Martinez and Anderson;19496043;7;2013;Thriller
Upgradable demand-driven budgetary management;Brittany Glover;6111;Hart Group;78795642;3;1992;Comedy
Reduced 5thgeneration intranet;Jasmine Morris;3608;Mueller PLC;86302081;22;2022;Drama
Devolved needs-based open system;Juan Stevens;7147;Jones-Moyer;3935993;18;1999;Drama
Synergized bifurcated attitude;Megan Allen;4543;Hamilton, Martinez and Castro;56771115;2;1997;Action
Configurable interactive architecture;Samantha Wong;8122;Henderson, Callahan and Hall;93543045;17;2012;Action
Organic grid-enabled algorithm;Stephanie Murphy;7933;Jones-Trevino;4870719;17;2008;Action
Optional impactful attitude;Michael Reed;7940;Smith-Williams;8004808;19;1990;Comedy
Team-oriented maximized core;Derek Shea;6939;Rogers-Harris;3688410;20;1973;Drama
Team-oriented interactive productivity;Jason Cochran;3784;Riley Ltd;88353119;11;2017;Action
Diverse background strategy;Miss Katie Smith PhD;7402;Higgins, Carter and Morris;98683404;12;1971;Action
Switchable 3rdgeneration neural-net;Christine Rogers;4724;Proctor LLC;60394473;21;1998;Comedy
Open-architected local alliance;Jessica Romero;5225;Atkinson-Cuevas;9847494;10;1986;Comedy
Cloned neutral array;Jennifer Greer;5186;Smith Inc;84182283;22;1986;Comedy
Inverse foreground time-frame;Joseph Walker;4496;Allen, Oconnor and Jackson;88281208;19;1980;Thriller
Re-contextualized regional forecast;Susan Carter;5535;Benson Group;53943044;22;2001;Thriller
Right-sized background process improvement;Christine White;4869;Weber, Robinson and Stark;30713513;8;1986;Action
Multi-tiered incremental archive;Christian Walton;5562;Spencer Group;88155181;10;1975;Comedy
Multi-lateral bandwidth-monitored analyzer;Ryan Robinson;6949;Carter and Sons;49357399;13;2018;Comedy
Ergonomic well-modulated strategy;Mary Johnson;4535;Curtis-Smith;46285790;12;1982;Drama
Progressive fresh-thinking help-desk;Ryan Wallace;4496;Leach-Oliver;5448473;20;1989;Thriller
Fully-configurable attitude-oriented architecture;Gary Brandt;8277;Baxter-Chavez;86421258;4;2009;Drama
User-friendly bifurcated orchestration;Susan Pena;7052;Burns, Nicholson and Guzman;5597786;15;2020;Drama
Right-sized system-worthy superstructure;James Green;4512;Zhang-Bradford;49917219;20;1985;Comedy
Total cohesive migration;Jeanne Obrien;5038;Lee-Escobar;52995709;1;2022;Drama
Seamless bottom-line function;Dawn Chan;4267;Rodriguez-Chavez;39836879;19;2003;Drama
Visionary exuding parallelism;Vickie Graves;5248;Hughes, Garrison and Mcdonald;49066176;12;1991;Comedy
Streamlined needs-based capacity;Michael Lewis;4623;Lindsey-Flynn;55911236;18;1982;Comedy
Managed 5thgeneration help-desk;Brandon Chambers;3648;Long, Trevino and Young;18744457;5;1993;Action
Synergistic exuding projection;Rachael Jones MD;4229;Guerrero PLC;12800237;15;2019;Drama
Grass-roots bifurcated analyzer;Robert Shaw;4176;Taylor Group;6691792;6;1989;Drama
Open-architected regional moderator;Robin Lee;4552;Lawson Inc;18912385;20;2005;Action
Implemented analyzing solution;Terrance Smith;5306;Clark-Martinez;94398246;6;2007;Thriller
Digitized tertiary access;Yolanda Cardenas;4035;Summers-Patel;50252333;22;1978;Thriller
Multi-lateral 24hour protocol;Connie Nelson;6419;Adams-Wilkerson;8712846;12;1991;Drama
Customer-focused zero-defect middleware;David Porter;7379;Ayala-Willis;46441398;23;1971;Action
Integrated secondary throughput;Jonathan Jackson;7374;Peters PLC;3866048;9;1987;Thriller
Innovative scalable customer loyalty;Shannon Turner;7721;Myers Ltd;2079245;24;1994;Comedy
Pre-emptive 24hour knowledgebase;Curtis Lawson;6604;Holden-Reyes;48973765;18;1972;Comedy
Assimilated impactful middleware;Michael Sanchez;8310;Gray-Carpenter;44981311;21;1991;Comedy
Right-sized 5thgeneration pricing structure;Matthew Cunningham;6732;Oneal-Gardner;49567232;8;1994;Drama
Reduced multi-tasking service-desk;Kelsey Moran;6677;Porter-Maldonado;7005193;16;1985;Drama
Balanced intermediate service-desk;Mark Hardin;6302;Wheeler Ltd;83261069;19;1983;Thriller
Phased needs-based Graphical User Interface;Brian Sullivan;4379;Holland-Rodriguez;94330184;4;2014;Comedy
Function-based context-sensitive middleware;Jamie Simpson;7627;Nash LLC;2806977;19;1996;Comedy
Centralized static challenge;Robert Livingston;7966;Daniel and Sons;66545909;24;2000;Comedy
Up-sized modular system engine;Crystal Hernandez;4349;Rose-Ponce;4133658;3;2004;Drama
Realigned 6thgeneration conglomeration;Adam Cruz;3623;Garcia, Flores and Johnson;71273213;1;1989;Drama
Progressive clear-thinking customer loyalty;Wesley Kim;6417;Wells-Clayton;72640883;11;1996;Thriller
Virtual content-based encryption;Sarah Ochoa;5140;Clark, Williams and Smith;96898904;16;1984;Drama
Streamlined intangible Graphical User Interface;Andrew Lee;6071;Douglas-Edwards;76917883;21;2006;Action
Compatible bifurcated product;Jennifer Boyle;7503;Ashley Group;99113462;2;1973;Thriller
Customizable impactful core;Seth Williams;6275;Wilson-Mason;42546922;9;1995;Comedy
User-friendly bottom-line data-warehouse;Katie Hall;7196;King-Sanders;15781173;20;1990;Thriller
Versatile 3rdgeneration hierarchy;Theresa Smith;7433;Richards-Shields;48470927;1;1979;Thriller
Front-line mission-critical installation;Steve Kelly;6110;Gibson-Pearson;59184960;2;1998;Comedy
Sharable discrete complexity;Jessica Adams;5184;Floyd and Sons;24309733;15;2016;Action
Expanded attitude-oriented neural-net;John Vang;6357;Townsend-Valdez;17092183;4;1981;Drama
Multi-tiered grid-enabled architecture;Karen Bird;8304;Wiley Inc;8968721;24;2006;Comedy
Business-focused well-modulated definition;Tiffany Riley;5271;Petty and Sons;13385204;22;1998;Drama
Extended discrete installation;Yvonne Ray;5286;Moore, Henderson and Robinson;23888033;13;2016;Comedy
Multi-tiered 5thgeneration project;Patrick Snow;3632;Wilcox PLC;19702838;11;1987;Drama
Public-key scalable forecast;Jason Harmon;5278;Kirk-Lawson;90668166;22;1973;Comedy
Versatile upward-trending toolset;Edwin Duffy;6495;Cook Group;99019548;19;2003;Action
Visionary bifurcated model;Sydney Hughes;4454;Fisher-Ward;5225930;21;1976;Drama
Implemented methodical concept;Monique Russell;5172;Wagner Group;13709582;18;2020;Action
Progressive uniform solution;Kyle Taylor;7985;Harris, Blair and Williams;56779706;1;1982;Comedy
Monitored didactic artificial intelligence;William Rose;3630;Crawford, Medina and Watts;63903178;24;1990;Comedy
Secured optimal forecast;Carolyn Lawson;4142;Jenkins, Marshall and Brown;65059230;17;1993;Drama
Reduced tertiary moratorium;William Peterson;7492;Cortez-Moreno;80248629;22;2004;Thriller
Mandatory reciprocal analyzer;Joseph Chaney;5152;Young, Pace and Rodriguez;74380779;9;1989;Action
Diverse coherent hardware;Jennifer Rogers;7873;Saunders-Evans;87176880;6;2021;Action
Persevering real-time artificial intelligence;Mark Davies;7750;Cain Group;10021001;7;2022;Thriller
Visionary grid-enabled policy;John Burke;3620;Lopez-Lewis;86993438;16;1970;Thriller
Intuitive motivating benchmark;Cynthia Torres;5176;Sanchez Ltd;32449567;12;1993;Comedy
Advanced neutral knowledgebase;Chelsea Kelly;8082;Smith Inc;7406820;18;2000;Drama
Total didactic extranet;Rachel Vazquez;6521;Stephens, Murphy and Adams;99287997;2;1984;Drama
Focused high-level software;Crystal Sanders;5390;Foster, Jones and Mendoza;15746065;11;1977;Comedy
Secured bandwidth-monitored info-mediaries;Lisa Ferguson;5540;Richards Inc;9783847;13;2000;Drama
Intuitive uniform workforce;Douglas Hall;4011;Cameron-Rogers;73634601;16;1982;Action
Distributed bandwidth-monitored initiative;Tanya Stafford;5649;Davis, Green and Reyes;24237310;6;1998;Thriller
Function-based explicit success;Matthew Barker;6629;Lewis-Pollard;95371224;12;1997;Drama
Triple-buffered mobile service-desk;Hannah Gomez;6455;Brown-Sullivan;12020673;24;1977;Action
Extended analyzing emulation;Manuel Johnson;5344;Frye, Hall and Miller;74099292;1;1992;Thriller
Digitized didactic info-mediaries;Matthew Mckee;7743;Jones Group;12581826;2;2006;Comedy
Mandatory 6thgeneration knowledgebase;Kimberly Green;6332;Mills PLC;11009956;19;1994;Drama
Robust heuristic policy;Patrick Johnson;7567;Cooper-Abbott;45422356;2;1982;Action
Compatible interactive time-frame;Sandy Ochoa;8010;Green-Reyes;21473930;16;1976;Comedy
Synergistic high-level circuit;Shane Vasquez;7165;Kelly-Taylor;86427981;11;1992;Thriller
Synergistic dedicated encoding;Christopher Miller;3773;Williams-Jordan;50591983;6;2018;Comedy
Horizontal tertiary system engine;Jeffrey Smith;4186;Stanley-Stephenson;20415227;19;1983;Thriller
Polarized 3rdgeneration workforce;Jennifer Luna;7625;Walter, Anderson and Medina;18114863;6;2008;Thriller
Organic 3rdgeneration paradigm;Kelly Wilson;7147;Gonzalez-Henderson;57183332;23;1987;Thriller
Team-oriented next generation neural-net;Kristen Navarro;5201;Wells PLC;93595341;7;1994;Action
Configurable systematic benchmark;Alex Riddle;4050;Coleman-Mathis;80992502;12;1989;Drama
Down-sized context-sensitive strategy;Adam Montgomery;8124;French, Rodriguez and Johnson;56169775;14;2008;Action
Business-focused clear-thinking collaboration;Kelli Suarez;6449;Parker and Sons;37271938;20;2012;Comedy
Monitored fault-tolerant application;Jody Wiley MD;7514;Patel Group;81728374;23;1988;Drama
Pre-emptive composite open architecture;Jessica Day;5061;Harris-Allison;47764814;23;2016;Comedy
Public-key non-volatile open system;David Oliver;5109;Young, Smith and Martinez;38366089;22;1982;Drama
Function-based value-added product;Karla Bell;5880;Vazquez LLC;59072851;5;1991;Drama
Quality-focused high-level structure;Donald Pierce;7116;Horton-Bruce;33157587;11;1979;Action
Ameliorated content-based architecture;Melissa Baker;3777;Richardson Ltd;17349057;1;1986;Comedy
Managed upward-trending benchmark;Oscar Lopez;6655;Walters, Olson and Mason;8639656;15;1988;Thriller
Decentralized tertiary frame;Dawn Parker;4334;Malone Group;60093340;19;1991;Drama
Reduced homogeneous solution;Valerie Cruz;6786;Rodriguez Inc;98310715;15;2006;Thriller
Virtual transitional moderator;Courtney Church;6903;Lamb, Williams and Wallace;10488914;7;1994;Action
Multi-lateral background info-mediaries;Andrew Reynolds;7473;Smith LLC;45398991;10;1998;Action
Customer-focused mission-critical database;Robert Davila;6856;Mendoza-Gomez;99604445;15;1993;Drama
Distributed directional customer loyalty;Rachael Soto;6605;Downs-Clarke;62322869;6;2012;Action
Function-based 24/7 process improvement;Derrick Ramsey;5794;Warner, Day and Griffin;73341140;22;1994;Thriller
Vision-oriented object-oriented product;Travis Houston;4925;Mccoy PLC;21977130;16;1970;Comedy
Polarized upward-trending policy;Jenny Dean;5454;Ramos and Sons;35798426;8;2020;Action
Public-key holistic definition;Matthew Reyes;6807;Edwards, Conner and Yoder;90872521;9;2007;Action
User-friendly intermediate monitoring;Tammy Davis;8455;Walsh Ltd;77512677;12;1976;Comedy
Exclusive optimizing conglomeration;Jason Davis;5985;Hunter, Black and Vaughan;63225832;5;1990;Drama
Upgradable regional frame;Justin Morton;4531;Gillespie Ltd;77865615;4;2000;Comedy
Visionary intermediate migration;Gregory Carey;3698;Wood, Monroe and Mendoza;33588848;17;2015;Drama
Grass-roots neutral function;Robert Smith;6632;Brown and Sons;41175979;14;2012;Comedy
Networked disintermediate process improvement;Amy Moody;5052;Kane and Sons;18433916;14;2014;Comedy
Grass-roots uniform algorithm;Anthony Johnson;7375;Stewart Group;17866981;17;2021;Action
Multi-lateral maximized architecture;Jamie Summers;7101;May-Rodriguez;10038995;5;1986;Drama
Optimized 4thgeneration hub;Destiny Moore;4701;Boyd, Rodriguez and Jordan;46920016;1;2015;Comedy
Assimilated 5thgeneration portal;Monica Garrison;5507;Ryan-Larson;67094452;2;2018;Comedy
Centralized upward-trending open system;Jesus Conner;8407;Rivera Ltd;66869458;15;2001;Thriller
Public-key explicit website;Juan Newton;5672;Allison, Guzman and Jones;17828131;11;2014;Action
Business-focused logistical alliance;Darren Freeman;3806;Bailey, Dickerson and Pratt;15597550;8;2003;Thriller
Assimilated zero tolerance complexity;Dr. Jeffery Williams;7859;Munoz, Prince and Ray;54949942;2;2014;Comedy
Inverse interactive core;Julie Riley;5596;Ball, Price and Lee;7827309;7;1985;Action
Front-line tangible emulation;Deborah Aguilar;7278;Gross-Stone;16379838;23;1984;Drama
Polarized intermediate contingency;Robert Potts;6763;Parker-Castro;80197481;21;2009;Drama
Re-contextualized coherent circuit;Derek Perry;7881;Robinson, Anderson and Henry;7485562;17;1980;Comedy
Profit-focused foreground moratorium;Michael Henderson;4602;Fischer, Reese and Turner;41235543;23;1989;Action
Front-line object-oriented Local Area Network;John Johnson;6385;Maldonado-Hernandez;48668613;1;1991;Comedy
Virtual incremental task-force;Kimberly Jordan;4592;Davenport, Quinn and Schwartz;56602659;11;1975;Action
Innovative needs-based moratorium;John Lee;5091;Franco-Houston;59028480;23;1989;Action
Extended homogeneous moratorium;Matthew Duncan;5102;Davidson Ltd;39481426;2;1976;Thriller
Business-focused asymmetric structure;Scott Williamson;7899;Thomas, Johnson and Harris;40846480;23;1971;Thriller
Extended 3rdgeneration interface;Jason Swanson;7201;Bautista-Hines;97732244;15;1974;Thriller
Multi-channeled object-oriented time-frame;Tammy Butler;8373;Harris, Dixon and Wood;35524418;14;1988;Action
Multi-tiered real-time forecast;Tina Fleming;6772;Russell-Davis;51505336;20;1998;Comedy
Synchronized demand-driven framework;Jennifer Andrews;6507;Hunt, Sanders and Kelley;60090605;3;1996;Thriller
Cross-group non-volatile system engine;Carl Adkins;7042;Sheppard-Atkins;72549307;20;2013;Drama
Synergistic uniform software;Madison Cantu;5078;Washington, Roberts and Martin;85790369;10;2003;Comedy
De-engineered reciprocal flexibility;Kelly Ho;6291;Jenkins Inc;16259066;7;1991;Drama
Digitized content-based open system;John Smith;7475;Tanner-Mullen;90330116;7;2007;Comedy
Reactive secondary help-desk;Zachary Houston;5598;James, Henry and Jones;40039797;16;2015;Drama
Multi-channeled empowering capacity;Mathew Reyes;5292;Johns PLC;98575819;17;1980;Comedy
Seamless empowering help-desk;Jessica Moore;4521;Savage, Spencer and Norris;8619198;15;1971;Action
Monitored optimal service-desk;Charles Hill;6622;Paul-Gonzalez;89622609;24;1985;Comedy
Polarized asynchronous access;Cheyenne Keller;5005;Castillo, Wilson and Bright;76512678;3;1983;Action
Open-architected system-worthy monitoring;Sherri Oliver;7633;Gomez-Wilkins;88184056;15;1982;Action
Cross-platform local archive;Thomas Morris;6052;Burns-Smith;32909428;12;1980;Comedy
Pre-emptive cohesive encryption;James Santiago;8277;Perkins Ltd;33127652;16;2005;Action
Upgradable 5thgeneration methodology;Sarah Brooks;6627;Rodriguez, Reynolds and Conway;67179323;4;1989;Comedy
Centralized even-keeled middleware;Kenneth Jones;4886;Jordan, Levy and Miller;53964044;20;2008;Drama
Polarized dynamic success;Randy Hale;5670;Davis-Bailey;51021623;19;2011;Comedy
Cross-platform dedicated focus group;Scott Gonzalez;4886;Lawrence, Nguyen and Pope;40997073;14;2021;Drama
Robust web-enabled flexibility;Dawn Lopez;7800;Smith-Thomas;91818848;24;2012;Comedy
Diverse object-oriented groupware;Ashley Odom;6678;Pruitt, Price and Powell;57146513;11;1976;Thriller
Team-oriented regional service-desk;Sarah Roberts;7041;Drake PLC;92710226;16;1988;Thriller
Profound full-range utilization;Jenny Ray;6658;Bender Inc;34869042;24;2017;Comedy
Persistent dedicated forecast;Amber Thomas;5147;Washington, Mullen and Wright;17426994;24;2006;Comedy
Distributed holistic synergy;Eric Larson;8113;Robinson Inc;33748892;3;1976;Action
Intuitive coherent access;Amanda Johnson;7513;Cantu and Sons;64115492;1;2017;Action
Multi-layered responsive encoding;Michael Ramirez;5734;Wilson-Baldwin;42095001;17;1997;Comedy
Optional radical success;Bryan Johnson;4630;Riley-Carr;28722212;19;1971;Comedy
Future-proofed discrete standardization;Kimberly Garcia;8241;Hill, Rodriguez and Berry;43306890;9;1972;Action
Organic even-keeled algorithm;Susan Ross;4044;Hart, Meyer and Copeland;59299572;24;1998;Action
Right-sized discrete architecture;Heather Strong;7641;Gardner-Russell;14346240;16;1989;Action
Multi-channeled foreground budgetary management;Michael Clark;7029;Blanchard, Grant and Craig;37074377;9;2016;Drama
Phased user-facing concept;John Humphrey;6829;Branch, Harrington and Wilson;9274813;20;2010;Thriller
Networked motivating instruction set;Amy Porter;7682;Turner PLC;92673637;16;1974;Drama
Switchable static paradigm;Christopher Jones;5665;Matthews, Hudson and Carey;46814229;19;1978;Action
Multi-lateral scalable moratorium;Lori Dominguez;5006;Foster-Galvan;11499204;16;2011;Comedy
Exclusive well-modulated capability;Meagan Walls;4853;Raymond, Contreras and Krueger;71117644;22;1978;Action
Horizontal foreground analyzer;Sylvia Shelton;6663;Burns and Sons;30480828;5;1998;Comedy
Reverse-engineered eco-centric productivity;Veronica Lewis;6860;Phelps PLC;15943260;13;1985;Drama
Customizable context-sensitive protocol;Lynn Hunter;7950;Murray Group;79572763;14;2002;Drama
Universal dynamic leverage;Amy Mcintyre;5095;Cox Group;23048506;18;1976;Action
Right-sized stable budgetary management;Sarah Nelson;5123;Chandler, Richmond and Powers;15573835;14;1998;Drama
Grass-roots bottom-line knowledge user;Michelle Evans;5744;Ruiz, Becker and Mitchell;91108256;6;1985;Comedy
Robust tangible Graphic Interface;Jeffrey Johnson;6778;Cortez-Hall;48709782;6;2012;Action
Open-source stable toolset;Stephanie Stevens;5547;Bentley Inc;64561048;19;1976;Action
Operative user-facing knowledgebase;Caleb Erickson;6377;Mason-Phillips;99780856;14;1984;Comedy
Advanced well-modulated groupware;John Baker;4754;Hernandez-Logan;39778747;17;2003;Comedy
Intuitive contextually-based neural-net;Carrie Moore;5583;West, Callahan and Hernandez;49794685;13;1972;Action
Advanced even-keeled workforce;Wanda Gonzales;8002;Bradley, Humphrey and Gutierrez;20935950;12;1982;Drama
Decentralized demand-driven matrices;Victoria Cohen DDS;7747;Jenkins Group;10607998;24;1985;Drama
Monitored needs-based artificial intelligence;Richard Ramirez;7685;Oliver, Santiago and Everett;21864865;5;2012;Action
Polarized scalable budgetary management;Carol Chandler;5205;Pierce Group;31974963;3;2012;Thriller
User-friendly zero tolerance strategy;Peter Johnson;4226;Mitchell-Wilkerson;89062785;9;2014;Comedy
Programmable foreground toolset;Christopher Bray;5569;Roberts, Gray and Moore;96022905;16;2015;Drama
Extended holistic analyzer;Joseph Bean;4804;Hopkins-Cole;15778705;10;2012;Comedy
Ergonomic motivating collaboration;Steven Giles;4061;Hughes, Harper and Winters;74967772;12;1977;Thriller
Proactive demand-driven policy;Melissa Bautista;6065;Lewis-Anderson;81036195;13;1974;Thriller
Realigned motivating hub;Barbara Leach;5001;Hughes LLC;73592998;9;1972;Action
De-engineered solution-oriented secured line;Tina Moore;3673;Acosta Group;30702491;17;2017;Thriller
Enhanced solution-oriented benchmark;Michael Lester;4498;Greer-White;70157;15;2002;Drama
Universal mission-critical contingency;Anna Woods;6134;Smith, Hall and Dennis;1614551;1;2001;Comedy
Re-contextualized user-facing encoding;Michael Briggs;7135;Knox Group;69393416;2;1971;Drama
Mandatory upward-trending function;Bradley Wagner;4360;Hanna Group;62814035;20;2022;Drama
Focused bifurcated data-warehouse;Michael Barton;7531;Lee, Marquez and Campos;31505918;7;1991;Thriller
Diverse empowering archive;Gary Byrd;7761;House-Carlson;90973513;16;1971;Comedy
Enhanced web-enabled orchestration;Megan Webb;3689;Allen-Marquez;60507732;19;1991;Comedy
Networked solution-oriented process improvement;Bryan Duffy;7122;Miles, Randall and Walton;73694359;16;2001;Drama
User-centric radical workforce;Raymond Clark;6378;Phillips, Green and Chase;9374733;23;1993;Action
Organized multi-tasking budgetary management;Alexis Jones;5422;Edwards-Mayer;82757701;24;2000;Action
Synergistic 24hour archive;Anne Lozano;3853;Cunningham-Jones;90960516;10;1994;Comedy
Inverse actuating intranet;Stephanie Davies;6165;Lee-Goodwin;87927176;8;2006;Thriller
Persevering incremental info-mediaries;Jessica Neal;6822;Hester Ltd;98738037;7;1983;Comedy
Future-proofed non-volatile project;Audrey Williams;7319;Lang-Williams;54289917;14;1995;Drama
Business-focused bifurcated matrix;Jay Perez;7533;Sweeney-Mayer;75638014;4;1999;Comedy
Switchable real-time info-mediaries;Jennifer Tucker;5610;Wright, Owens and Shannon;51971428;3;1972;Comedy
Open-source value-added secured line;Justin Morgan;7189;Simmons Ltd;94730269;10;2006;Action
Devolved well-modulated knowledge user;Victor Martinez;4567;Morris-Rice;54246471;19;1981;Drama
Self-enabling global interface;Lonnie Salinas;3839;Brock LLC;57677382;14;1992;Comedy
Seamless full-range neural-net;Diana Holder;8074;King, Gonzalez and Price;68679682;17;1970;Drama
User-friendly optimizing extranet;Tiffany Silva;6895;Jones Group;41441290;6;2019;Drama
Programmable tertiary strategy;Gary Rivera;7665;Harper, King and Schultz;3577037;20;2000;Comedy
Persistent even-keeled projection;Colin Knight;8332;Duncan LLC;8305858;18;1997;Action
Reduced neutral instruction set;Tanya Sanders;6947;Richards LLC;58307627;9;1992;Drama
Stand-alone multimedia hub;Edward Robinson;4230;Martinez, Logan and Lang;49273816;8;1999;Action
Down-sized fault-tolerant orchestration;Mary Brown;7417;Parrish-Romero;31115539;24;1970;Comedy
Total web-enabled emulation;Matthew Wheeler;5270;Montoya, Schultz and Walker;36539654;16;2018;Action
Compatible multi-tasking circuit;Stephanie Evans;3653;Perry Ltd;99085648;20;1992;Drama
Sharable bandwidth-monitored data-warehouse;Linda Smith;4276;Freeman-Johnson;66732994;19;1996;Action
Organized discrete Graphic Interface;Sarah Turner;6819;Thompson, Cain and Mcneil;36667260;14;2018;Action
Reactive coherent definition;Gary Rogers;5841;Stanley PLC;68367565;3;1997;Comedy
Fully-configurable upward-trending implementation;Stephanie Edwards;6398;Hicks-Brown;48692248;13;2006;Action
Persevering client-driven success;Janice Ewing;4970;Lee-Anderson;11317829;12;1997;Thriller
Upgradable bottom-line process improvement;Elizabeth Newman;7487;Walker-Johnson;31191276;10;2004;Drama
Grass-roots 4thgeneration approach;Tracey Bell;5463;Jackson Group;33949207;21;1997;Drama
Pre-emptive 5thgeneration success;Amanda Hartman;7218;Torres, Decker and Hendricks;60876075;21;2022;Action
Face-to-face contextually-based process improvement;Daniel Brown;7398;Harris PLC;99289747;17;2004;Comedy
Diverse mobile parallelism;Nancy Anderson;6040;Scott, Mitchell and Johnson;62595771;2;2015;Thriller
Decentralized heuristic circuit;Diana Velez;4845;Thomas Ltd;18779234;14;1971;Drama
Ameliorated asynchronous emulation;Taylor Hendrix;4323;Griffin, Potts and Thompson;77120868;10;2002;Drama
Enterprise-wide 5thgeneration strategy;Theresa Keller;8113;Arroyo-Castillo;71551996;2;2014;Drama
Exclusive tangible attitude;Kristin Richardson;6176;Baker Inc;9940229;15;1970;Comedy
Diverse user-facing task-force;Zachary Turner;5105;Williams PLC;81005845;20;1997;Comedy
Proactive non-volatile system engine;Kathleen Taylor;3901;Brady Inc;25402193;16;2007;Action
Fundamental holistic neural-net;Jessica Lam;4811;Owen-Schultz;29067258;22;1990;Comedy
Cross-platform attitude-oriented capability;William Watson;7972;Black, Ruiz and Harris;49299501;8;2020;Drama
Persistent full-range toolset;Deborah Horn;6298;Davis, Ferrell and Martinez;33709434;7;2006;Thriller
Re-contextualized homogeneous circuit;Erin Porter;6614;Leon-Elliott;11658051;16;1997;Thriller
Virtual client-driven adapter;Nicholas Henderson II;3754;Webb-Washington;77634861;4;2008;Comedy
Multi-lateral bottom-line productivity;Jennifer Horn;3973;Lewis, Richard and Duncan;49437242;21;1992;Drama
Vision-oriented intangible productivity;Dylan Larson;6600;Lopez-Smith;1703281;6;2018;Thriller
Enterprise-wide homogeneous process improvement;Autumn Gonzalez;5616;Wiley Ltd;3311019;5;1988;Comedy
Customizable logistical initiative;Billy Moody;5448;Smith-Forbes;11479175;20;2010;Drama
Configurable didactic support;Mark Manning;7603;Nguyen, Campbell and Thomas;6175504;19;1986;Thriller
User-centric solution-oriented standardization;Cynthia Martin;4023;Simmons-Bullock;79713357;11;1989;Drama
Object-based dedicated Local Area Network;Troy Robinson;4647;Meyer-Bradley;16231831;11;1995;Drama
Re-engineered zero tolerance monitoring;Daniel Brown;4126;Hopkins-Rodriguez;83431745;21;1976;Drama
Object-based context-sensitive hardware;Kristen Smith;5017;Gross-Harrington;84376514;10;1981;Action
Proactive bi-directional forecast;Sheila Jenkins;4570;Lopez-Smith;59850906;8;1983;Action
Compatible solution-oriented data-warehouse;Henry Wright;5572;Haley LLC;46866270;2;2012;Thriller
Reactive high-level throughput;Rachael Lynn;4169;Johnson-Key;25498707;23;1976;Thriller
Networked 3rdgeneration Local Area Network;Noah Montgomery;7846;Williams, Clayton and Hart;27413693;16;2020;Thriller
Multi-tiered bottom-line encoding;Katelyn Fleming;7880;Phillips, Chavez and Marquez;50879999;6;1984;Drama
Profound content-based Graphical User Interface;Nathan Vargas;5996;Curtis, Hodge and Reed;48070567;8;2006;Action
Exclusive system-worthy system engine;Ellen Ho;5736;Allen, Evans and Harrington;6987826;20;1995;Comedy
Managed secondary policy;Samuel Vance;5111;Garcia Inc;73449245;22;2012;Action
Mandatory foreground architecture;Keith Anderson;4961;Rangel and Sons;37001449;15;2003;Drama
Distributed neutral instruction set;Dawn Fox;5000;Taylor-Hobbs;6341387;22;2005;Comedy
Multi-layered value-added challenge;Xavier Hoover;5131;Ramsey, Molina and Nguyen;13567813;21;1990;Comedy
Organic transitional success;Debra Norton;6512;Shaw, Brooks and Steele;85718554;6;2015;Comedy
Team-oriented real-time toolset;Whitney Pratt;7376;Ramirez Ltd;29721871;8;1988;Drama
Synergistic regional productivity;Karen Arnold;5461;Brown, White and Hughes;50914994;4;2020;Thriller
Right-sized static archive;Robert Jones;6520;Moreno-Wilson;45052126;4;1971;Drama
Right-sized analyzing workforce;Christine Horne;8276;Bridges and Sons;85129547;4;1972;Drama
Self-enabling foreground pricing structure;Charles Thomas;5452;Everett and Sons;35159210;21;2015;Comedy
Triple-buffered hybrid Graphical User Interface;Monica White DDS;5577;Collins Group;36318554;5;1976;Thriller
Vision-oriented directional hardware;Logan Williams;7153;Frazier Group;20538682;16;2003;Thriller
Compatible radical matrices;Malik Freeman;7163;Mcmillan and Sons;47312826;2;2015;Thriller
De-engineered leadingedge alliance;Timothy Martin;5508;Lopez LLC;17802406;16;2002;Action
Balanced uniform project;Jennifer Bates;7366;Edwards Ltd;48902187;13;1987;Comedy
Optimized clear-thinking emulation;Jared Bell;7461;Frank-Tate;65931739;14;1981;Action
Persistent mobile capability;Brandi Rodriguez;5090;Pugh, Massey and Mckinney;17368324;22;2015;Thriller
Extended human-resource algorithm;Debra Miller;7535;Rogers-Le;55431551;6;1984;Drama
Object-based real-time paradigm;Sharon Rollins;5428;Johnston, Case and Wright;67562692;11;2011;Drama
Versatile disintermediate model;Jessica Wilcox;6362;Riley, Hoffman and Reed;66506955;10;1971;Action
Cloned upward-trending parallelism;Erik Allen;7212;Payne Group;80569494;4;1983;Drama
Reverse-engineered uniform paradigm;Joshua Fletcher;4953;Ingram-Smith;32076468;1;1996;Comedy
Multi-channeled context-sensitive middleware;Wendy Rice;3764;Wood and Sons;92810629;7;2002;Thriller
Enhanced 24hour help-desk;Michael Donovan;6302;Williams LLC;34462911;15;1982;Drama
Organic transitional artificial intelligence;Dillon Diaz;4090;Ho-Leon;14424520;2;2015;Thriller
Realigned solution-oriented conglomeration;Linda Carroll;4027;Brooks, Wong and Burton;23618199;10;1982;Drama
Implemented empowering portal;Heather Terry;4078;Parks, Keller and Evans;87803497;20;1993;Drama
Advanced empowering database;Melinda Rodriguez;6192;Russell and Sons;65155885;2;2011;Thriller
Function-based exuding complexity;Brandon Wong;7052;Montoya LLC;94837206;2;1994;Drama
Progressive tertiary policy;Sandra Francis;4113;Mason, Norman and Smith;97045097;12;1986;Action
Virtual bi-directional artificial intelligence;Daniel Stewart;6935;Escobar Group;77594214;4;1999;Thriller
Visionary modular algorithm;Tiffany Everett;4193;Taylor Ltd;13676279;22;1977;Thriller
Grass-roots stable implementation;Dwayne Best;4132;Castro Group;22071737;9;1977;Drama
Multi-layered interactive policy;Alvin Rivera;4287;Flynn, Chan and Whitaker;75035158;14;2008;Drama
Enhanced national encryption;Shane Allen;6431;Singh, Thomas and Wheeler;68589613;9;1989;Action
Horizontal 24hour encryption;Randall Holmes;7226;Kelly, Reid and Rios;47656750;3;2016;Drama
Innovative empowering parallelism;Robin Finley;6059;Russell, Wise and Smith;8018500;13;1983;Drama
Compatible 24/7 toolset;Shawn Cross;3823;Thomas-Horton;73346981;15;2020;Action
Ameliorated interactive artificial intelligence;Todd Best;7293;Williams Group;71394012;2;1982;Comedy
Optimized content-based structure;Kristy Costa;7897;Goodwin-Baker;34322201;11;2008;Drama
Secured multi-state emulation;William Miller;6469;Atkins Ltd;24407643;7;1978;Comedy
Phased logistical matrix;Philip Berg;3855;Peterson and Sons;79469972;3;1997;Thriller
Ergonomic zero-defect data-warehouse;Michael Michael;5863;Michael, Bailey and Riddle;67189673;4;2016;Drama
Quality-focused secondary initiative;Anthony Cross;6760;Rojas Group;73680629;20;1975;Drama
Realigned client-server support;Kevin Rogers;3650;Carpenter, Jacobs and Davis;89337578;23;1973;Comedy
Customizable grid-enabled customer loyalty;Kyle Weiss;6865;Ritter-Bowers;28286483;22;2018;Comedy
Networked incremental framework;Matthew Soto;5182;Brooks, Fuller and Long;83822824;24;1973;Action
Open-source intermediate parallelism;Ian Hicks;8207;James, Davis and Wheeler;83952757;9;1994;Thriller
Ergonomic zero administration hub;James George;7827;Anderson Group;91958449;11;1984;Comedy
User-centric client-server benchmark;Katherine Thompson;7633;Preston, Malone and Huffman;57205515;23;2004;Action
Function-based foreground open architecture;Colleen Roy;5456;Mckee-Salas;11066816;16;1994;Comedy
Proactive client-driven installation;Mary Cook;3753;Nelson-Avila;89804710;4;2014;Comedy
De-engineered discrete collaboration;Lauren Vang;3971;Kane, Walton and Murphy;21805478;20;1984;Drama
Vision-oriented real-time definition;Elizabeth Deleon;6676;Peterson-Webb;17380360;14;1995;Comedy
Digitized clear-thinking solution;Taylor Hawkins;6062;Ferguson, Warner and Ferguson;5842066;22;2016;Drama
Automated human-resource time-frame;Alison Wolfe;5594;Williams-Jackson;4063084;12;1974;Comedy
Compatible disintermediate superstructure;Cody Todd;6363;Garza and Sons;62428309;20;1975;Drama
Virtual bifurcated artificial intelligence;Anthony Burgess;5585;Roberts, Welch and Kline;36642822;11;1986;Comedy
Focused didactic methodology;Tammy Chavez;7548;Gould-Chang;62623047;22;2006;Thriller
Optimized empowering productivity;Kathryn Allen;7233;Garcia, Miller and Moore;62947635;21;2017;Thriller
Assimilated methodical benchmark;Chelsea Krueger;7362;Anderson-Juarez;24072573;11;2020;Thriller
Adaptive zero tolerance conglomeration;Luis Hernandez;4001;Fernandez Inc;57030604;15;1993;Action
Distributed asynchronous archive;Frank Krueger;7856;Bowen PLC;85983107;2;2009;Comedy
Multi-tiered reciprocal knowledge user;Cynthia Marquez;8431;Boyd Group;32891136;13;1974;Drama
Devolved bifurcated attitude;Kevin Pineda;7780;Lawrence-Salinas;9402537;12;2005;Action
Cross-group optimizing info-mediaries;Margaret James;4827;Kirby, Johnson and Douglas;44163859;17;1994;Action
Upgradable real-time product;Alan Watson;3939;Perez, Harrison and Gamble;95210945;5;1981;Action
Versatile neutral framework;Ivan Allison;6335;Shaw Ltd;97989436;7;2013;Thriller
Cloned actuating architecture;Jacob Bishop;5803;Hill, Sheppard and Atkinson;55888963;7;2002;Drama
Customizable clear-thinking core;Catherine Phillips;5332;Wallace-Cunningham;51835271;4;1999;Thriller
Triple-buffered dynamic challenge;Scott Martinez;7435;Macdonald Ltd;77005679;18;2019;Action
Fundamental zero-defect software;Devon Martinez;5272;King Group;56319077;19;1984;Drama
Ameliorated multi-state hardware;Brandon Hughes;4786;Miles PLC;85222052;20;2014;Drama
Automated homogeneous functionalities;Michele Richard;8137;Harvey Inc;64145717;10;1999;Drama
Multi-channeled coherent array;Nathan Knight;4236;Castillo-Miller;39172906;20;1991;Action
Mandatory real-time attitude;Anthony Adams;4505;Blair LLC;42910677;19;1983;Comedy
Cloned user-facing policy;Brandi Hodges;6405;Becker, Schultz and Bryant;93667124;17;1990;Comedy
Down-sized leadingedge groupware;Nicole Stanley;6630;Johnson-Herrera;66301838;8;1997;Thriller
Fully-configurable bandwidth-monitored functionalities;Rebecca Coleman;6070;Harris, Fernandez and Cunningham;35218050;15;1982;Action
Reactive maximized product;Antonio Bean;8349;Valencia-Marquez;71890178;24;2016;Comedy
Business-focused coherent function;Gerald Howell;4799;Green-Walker;97422034;4;2021;Thriller
Pre-emptive 24hour Graphical User Interface;Dylan Smith;4828;Gaines-Franco;40336235;12;1988;Comedy
Triple-buffered local knowledge user;Clinton Yoder;5185;James-Dominguez;3558486;5;2008;Drama
Open-source contextually-based circuit;Paul Leach;4317;Thomas Inc;90587741;2;2005;Action
Enhanced web-enabled middleware;Mark Ryan;4417;Cunningham-Cox;1515096;19;2000;Action
Robust maximized database;Beth Mccormick;6807;Ortiz-Diaz;53034519;14;2019;Drama
Intuitive responsive open system;Sarah Morris;5602;Nelson, Pruitt and Rogers;41251300;12;1974;Action
Seamless homogeneous orchestration;Brian Caldwell;5364;Matthews, King and Patel;73662455;18;1981;Drama
Streamlined real-time access;Jonathan Williams;5799;Graham and Sons;36478334;3;1990;Drama
Reactive zero-defect core;Alisha Fernandez;5384;Mays Inc;77901365;7;1972;Action
Automated background knowledgebase;Cody Macias;4996;Green Ltd;51107633;19;1993;Thriller
Team-oriented bandwidth-monitored infrastructure;Tamara Garcia;5255;Bennett Group;17943416;10;1973;Drama
Innovative optimizing capacity;Drew Walters;7481;Herring-Hernandez;57404751;10;1998;Thriller
Object-based 6thgeneration superstructure;Luis Flores;6646;Flores-Adams;16734199;18;1997;Action
Horizontal asynchronous archive;Kristin Hill;6361;Pierce, Bennett and Brown;51819917;16;1994;Drama
Seamless explicit Internet solution;Kenneth Gibson;6840;Gentry, Smith and Lopez;24621402;14;1994;Thriller
Front-line tangible Local Area Network;Kristin Hayden;5970;Medina, Bryan and Keller;52074186;2;1975;Action
Quality-focused discrete intranet;Melinda Mcgee;7442;Callahan Ltd;25507169;4;1980;Action
Enterprise-wide client-driven algorithm;Dr. Anna Hayes;4635;Richards-Compton;80719701;9;2013;Comedy
Versatile national standardization;Abigail Willis;7858;Freeman Ltd;18206687;21;2020;Action
Down-sized client-driven artificial intelligence;Dr. Brian Mcconnell;4083;Rivera, Hicks and Turner;76063975;3;2006;Action
Multi-tiered zero administration moratorium;Timothy Parker;5053;Lee-Peters;42417775;18;2021;Action
Automated next generation model;Theresa Walker;6110;Porter-Reyes;38715710;7;1982;Thriller
Seamless disintermediate knowledge user;Dana Freeman;7535;Maldonado, Stark and Morris;61180692;1;1974;Thriller
Profit-focused responsive Internet solution;Donna Khan;7567;Hudson Inc;77747599;23;2013;Drama
Fully-configurable optimizing artificial intelligence;Alexander Moore;4737;Sims Ltd;2359640;3;1999;Drama
Monitored responsive attitude;Sonya Neal;5137;Davis, Evans and Cooper;41237808;4;1981;Thriller
Right-sized homogeneous capability;Lisa Wang;3993;Rice-Hunter;80847862;15;2013;Thriller
Cross-group tangible utilization;Tammy Mendoza;6537;Simpson Group;64283955;6;1977;Drama
Versatile needs-based help-desk;Dylan Martin;6600;Shelton, Holland and Mclaughlin;47498889;3;1986;Comedy
Enterprise-wide heuristic Graphical User Interface;Diana Benson;4550;Glass-Lutz;13777317;23;2014;Action
Re-contextualized even-keeled Graphic Interface;Riley Myers;8099;Smith-Castillo;14132661;23;2015;Action
Quality-focused attitude-oriented projection;Marilyn Combs;8129;Gomez-Stone;81624350;14;1990;Action
Robust disintermediate neural-net;Jordan Salas;6929;Baker and Sons;89717270;13;1998;Drama
Sharable analyzing protocol;Carlos Leon;4012;Thomas-Cochran;84632620;19;2000;Comedy
Pre-emptive full-range adapter;Catherine Schmitt;5409;Mcintyre, Williams and Allen;47979584;14;2002;Action
Streamlined mission-critical secured line;Geoffrey Kennedy;4163;Sullivan-Larson;32359685;17;1998;Comedy
Synergized clear-thinking policy;Michael Butler;7905;Bryant Ltd;40859364;13;1980;Action
Centralized motivating functionalities;Joseph Tran;4756;Rose LLC;16239006;15;2001;Comedy
Profound impactful process improvement;Karen Ruiz;6765;Williamson, Johnson and Mcknight;39161512;19;2016;Action
Face-to-face scalable infrastructure;Christina Brennan;6829;Anderson Group;27563268;20;2009;Drama
Digitized background definition;George Castillo;3967;Mercado PLC;20359875;5;1985;Comedy
Monitored 24/7 methodology;Ruth Soto;8155;Cantu-Franco;48406959;15;1996;Comedy
Balanced mission-critical moderator;Jenny Brown;7245;Torres, Preston and Suarez;64105071;15;2015;Drama
Reduced grid-enabled Local Area Network;Joanne Hansen;6806;Walker-Green;69607466;7;2014;Comedy
Fundamental secondary application;Sarah Burns;4846;Ballard-Frye;14211900;22;2014;Thriller
Function-based user-facing approach;Mark Klein IV;6824;George, Faulkner and Mcneil;97209503;4;1998;Action
Open-architected empowering capability;Sydney Chambers;5166;Cordova, Allen and Ellison;84242287;13;1989;Thriller
Fully-configurable national throughput;Grace Mcmillan;6316;Goodman, Ellis and Nunez;68768264;1;1989;Action
Upgradable modular success;Sharon Howard;5422;Roberts, Taylor and Gentry;55796766;14;2019;Comedy
Re-engineered multi-tasking open architecture;Debra Austin;5559;Bowman PLC;70330787;1;1980;Action
Vision-oriented mission-critical neural-net;Courtney Taylor;6379;Wise, Boone and Turner;7378046;15;2020;Action
Configurable analyzing hardware;Arthur Mccall;7825;Woods-Reyes;45074042;7;1979;Comedy
Persevering leadingedge middleware;Raymond Vasquez;8283;Lyons, Chung and Lynch;54699419;5;2002;Drama
Persevering intermediate service-desk;Terri West;4275;Patel, Kent and Juarez;56542638;24;2018;Comedy
Front-line empowering moderator;Melissa Davenport;7199;Owens-Sanders;96577204;14;2004;Thriller
Cross-platform exuding infrastructure;Laurie Leonard;6585;Harris, Roberts and Tucker;40231434;11;1973;Thriller
Reverse-engineered dedicated open system;Bailey Dawson;5331;Carlson-Valentine;56415144;6;1976;Action
Compatible impactful Local Area Network;Emily Park;8033;Goodman-White;27566916;13;1978;Thriller
Persevering maximized complexity;Connie Lozano;5600;Williams PLC;49288563;3;1986;Thriller
Grass-roots responsive neural-net;Glenn Erickson;5616;Leon LLC;13629669;17;2008;Action
Reactive cohesive task-force;Kristi Ford;8330;Jackson, Mccormick and Bauer;79391055;18;2007;Comedy
Synchronized empowering Graphical User Interface;Stephanie Martin;6519;Vargas Group;96276398;9;1997;Comedy
Horizontal holistic protocol;Dr. Matthew Walker;7002;Hernandez Group;46579958;17;1973;Drama
Reduced 24/7 application;Randy Reed;5463;Robinson Group;86260471;21;2007;Comedy
User-centric transitional Graphical User Interface;Leslie Chapman;8268;Yoder-Hendricks;59982897;23;2020;Comedy
Balanced intangible knowledge user;Brian Hayes;7429;Valdez-Taylor;91421636;3;1989;Action
Open-source well-modulated forecast;Eric Lucas;7219;Walker, Myers and Mendoza;81498965;17;1989;Action
Organic secondary conglomeration;Michael Mclean;3982;Lopez, Barker and Stewart;34683218;14;1986;Thriller
Switchable mobile conglomeration;Kristina Brown;6368;Lopez and Sons;49586002;12;2018;Comedy
Universal optimal success;Jaime Ortiz;6904;Richardson-Curry;36045574;24;1986;Drama
Stand-alone content-based instruction set;Ryan Jackson;5965;Lee-Baker;3946550;15;1998;Thriller
Mandatory neutral synergy;Heather Bell;7942;Cunningham, Green and Johnston;37078403;10;2010;Action
Grass-roots client-server structure;Suzanne Garcia;6426;Sanders, Leon and Reid;78583730;12;1974;Comedy
De-engineered regional frame;Carol Dillon;7155;Deleon Ltd;68357077;16;2018;Drama
Secured systemic monitoring;Julie Rhodes;6968;Hernandez Ltd;64482419;14;2015;Action
Switchable intangible forecast;Elizabeth Shaw;8205;Payne-Ramsey;11270966;3;1980;Comedy
Public-key systematic workforce;Joe Reilly;7593;Cochran, Anderson and Hale;72314903;23;2020;Drama
Enhanced optimal superstructure;Robyn Hardin;5078;Blackwell Group;58603543;4;1984;Thriller
Integrated 5thgeneration functionalities;Nicole Taylor;7066;Ramirez and Sons;95506958;21;2020;Thriller
Re-contextualized bottom-line instruction set;Kathy Miles;5090;Rollins-Stout;93845377;3;2009;Action
Adaptive static extranet;Brandon Thomas;6234;Horton Ltd;19739126;19;2004;Comedy
Vision-oriented local analyzer;Donna Mcconnell;4939;Howard-Ray;33514722;19;1986;Comedy
Advanced systemic product;John Ritter;7975;Evans, Palmer and Parker;40617023;17;1981;Drama
Realigned dynamic paradigm;Nathan Gilbert;4775;Young, Johns and Matthews;50749832;12;2007;Action
Customer-focused system-worthy website;Mark Young;3975;Sanchez, Simon and Johnson;76517619;14;2002;Thriller
Balanced bi-directional task-force;Laura Cordova;3850;Morrison Inc;67505611;18;1984;Drama
Cross-group multi-state productivity;Michelle Johnson;4521;Morris-Reed;69661329;8;2008;Thriller
Balanced zero-defect ability;Anthony Howard;5635;Miranda, Sims and Mullen;35902938;24;1988;Comedy
Right-sized responsive solution;Martha Cortez;5144;Carpenter-Romero;41628058;2;1994;Drama
Object-based bandwidth-monitored hub;Mary Rodriguez;5679;Norman PLC;19207650;7;1987;Drama
Centralized modular utilization;Russell Wilkins;6099;Frye-West;22069639;3;1991;Comedy
Function-based bottom-line neural-net;Jeffrey Davis;7110;Norton Group;31724207;11;1987;Comedy
Sharable optimal open system;Michael Duarte;5973;Walton Ltd;47390625;20;1973;Drama
Total 5thgeneration adapter;George Guzman;6760;Hicks, English and Sweeney;23959938;24;1970;Thriller
Organized leadingedge neural-net;Jacob Bryan;7323;Nelson-Lloyd;97375384;22;1992;Action
Realigned dedicated paradigm;Seth Peters;6227;Velazquez-Leon;51148467;18;2018;Drama
Networked asymmetric Graphical User Interface;Sandra Ford;3700;Hicks, Dunn and Spencer;68964041;5;1973;Drama
Innovative content-based benchmark;Brent Smith;6695;Edwards LLC;1949064;8;2003;Action
Universal human-resource neural-net;Jasmine Hendrix;5783;Alexander-Lowe;51633876;20;2006;Action
Balanced scalable service-desk;Stephen Preston;6936;Carey, Stewart and Guerra;53973925;5;2015;Comedy
Front-line neutral adapter;Angie Brock;4189;Gross, King and Chavez;82205294;1;1985;Action
User-friendly bandwidth-monitored Graphic Interface;Alyssa Proctor;8375;Carr-Watson;53851211;3;1981;Thriller
Cross-group impactful interface;Kathy Rivera;6137;Davis, Moreno and Torres;74043800;11;1978;Action
Mandatory solution-oriented task-force;Morgan Wade;3957;Taylor LLC;26016728;6;1999;Drama
Switchable static productivity;Nicole Gonzales;8088;Baker Inc;16745983;7;2013;Drama
Optional static monitoring;Sara Lane;4234;Cooper Group;83633890;16;1991;Thriller
Triple-buffered uniform task-force;Erin Kim;6518;Bailey LLC;87255726;21;1978;Thriller
Multi-channeled neutral customer loyalty;Robert Beard;7029;Patterson, Cook and Cunningham;54683418;7;1982;Thriller
Synergized clear-thinking leverage;Jerome Brady;6378;Rivera Inc;1315824;21;2020;Action
Digitized high-level contingency;Amanda Reynolds;5902;Wu, King and Jacobson;5542965;17;2004;Thriller
Object-based 4thgeneration database;Yvonne Owens;4539;Ruiz Group;30650575;12;2020;Action
Triple-buffered value-added encryption;Jonathan Johnson;8012;Benitez Inc;10082232;20;2003;Thriller
Advanced zero administration circuit;Mrs. Veronica Hill;7256;Nixon, Singleton and Gray;22241273;5;1994;Comedy
Enterprise-wide modular approach;Sarah Moss;5359;Le, Roman and Zhang;14276544;1;1974;Thriller
Self-enabling mission-critical open system;David Woodard;6383;Duran-Lewis;7926960;19;1977;Action
Organized responsive orchestration;Dawn Garcia;6824;Rodriguez Ltd;89806197;9;1997;Thriller
Universal analyzing Graphic Interface;Gina Butler;6217;Turner-Lewis;87689812;3;2002;Action
Diverse real-time application;Nancy Tate;4176;Kelley-Everett;59904279;24;1995;Comedy
Managed uniform parallelism;Daniel Davis;4066;Smith, Barrett and Bradford;62358905;20;2004;Thriller
User-centric client-driven data-warehouse;Donald Gordon;6422;Simmons PLC;22756587;1;2014;Thriller
Enhanced empowering artificial intelligence;Joseph Clark;7572;Douglas, Powell and Johnson;86738535;8;1992;Thriller
Programmable heuristic Internet solution;Brian Landry;5315;Haynes, Shaw and Morgan;46319414;24;1972;Comedy
Intuitive demand-driven array;Christopher Carter;4569;Charles Inc;78858554;22;1982;Thriller
Realigned transitional task-force;Mary Harrison;8177;Burton-Green;29697803;9;1973;Action
Decentralized maximized middleware;Lance Roman;4138;Sutton, Smith and Hayes;74794969;3;2009;Thriller
Organic 24/7 artificial intelligence;Sandra Garza;6298;Pugh PLC;71471769;10;2018;Thriller
Adaptive transitional emulation;Emily Singleton MD;5403;Sanders, Brown and Lopez;48652384;1;2008;Thriller
Fully-configurable dynamic contingency;Deborah Sosa;7007;Meyers-Sanders;24803481;3;2000;Comedy
Open-source client-server focus group;Derek Barber;6303;Edwards Ltd;29177703;23;1998;Comedy
Universal incremental interface;Darius Foster;6814;Lyons, Lester and Soto;60581976;6;2007;Action
Re-engineered optimizing secured line;Luis Gill;4753;Reeves, Rivera and Thomas;45557131;1;1985;Thriller
Cloned content-based archive;Rachel Parrish;6578;Flores-Rasmussen;39681580;3;2003;Thriller
Stand-alone impactful secured line;Kenneth Klein III;6728;Simpson, Johnson and Duran;27059064;6;1985;Comedy
Networked client-server application;Paul Perkins;6735;Pham and Sons;7315326;23;1984;Thriller
Sharable didactic groupware;Katherine Bell;6066;Scott, Guerra and Lopez;13812793;14;2006;Thriller
Decentralized motivating model;John Pittman;6387;Mendoza Inc;36561903;5;1986;Drama
Configurable motivating array;Jessica Jones DDS;6017;King-Garrison;16821347;15;1970;Comedy
Diverse interactive application;William Jackson;4642;Coleman PLC;39617812;5;1989;Action
Realigned even-keeled orchestration;Mary Tran;4844;Cooper Inc;44924389;3;1996;Action
Cloned 3rdgeneration adapter;James Smith;4247;Patel Ltd;19542891;13;2004;Drama
Realigned secondary functionalities;Casey Foster;8151;Spencer PLC;20464199;20;2000;Action
Programmable zero tolerance groupware;Jennifer Tucker;6709;Nguyen Inc;38377233;12;1994;Comedy
Phased 24hour orchestration;Terri Andrews;5097;Lewis Group;50189052;3;1987;Drama
Front-line fault-tolerant Local Area Network;Rodney Wilkerson;6088;Butler-Vincent;50349803;23;2003;Thriller
Triple-buffered 24hour knowledgebase;Benjamin Bailey;7587;Bullock Inc;70219206;5;1972;Action
Face-to-face mission-critical approach;Ronald Watson;7521;Hernandez-Nichols;88057163;10;1988;Comedy
Pre-emptive zero administration policy;James Page;7512;Gilbert Inc;78839430;13;1991;Action
Exclusive attitude-oriented firmware;Nicole Yu;6396;Stone, Salinas and Oconnor;6761280;12;2016;Drama
Triple-buffered next generation methodology;Emily Scott;6380;Evans-Bauer;99584004;19;2016;Comedy
Profit-focused zero-defect open architecture;Jessica Richards;4605;Oconnell PLC;5582635;13;1981;Comedy
Exclusive zero tolerance info-mediaries;Curtis Hall DDS;6959;Gonzalez Group;44020711;19;1973;Thriller
Advanced scalable project;Isaac Garcia;6586;Mack Inc;72174162;11;1971;Action
User-centric cohesive system engine;Jesse Beck;4162;Mullins, Arias and Bernard;88950113;18;1985;Thriller
Multi-layered non-volatile moratorium;Jennifer Hamilton;5625;Fowler-Ware;44732202;13;2018;Comedy
Business-focused content-based forecast;Ms. Jennifer Mills;7922;Hicks, Sanders and Farley;92061615;14;1977;Thriller
Up-sized dynamic policy;Alexander Velez;5684;Pham-Lowery;26414308;7;1971;Thriller
Decentralized disintermediate parallelism;Frank Marquez;5391;Salas Ltd;80144825;7;1974;Action
Automated responsive throughput;Paul Reed;7843;Welch Inc;57686429;10;1975;Thriller
Persistent coherent conglomeration;Jennifer Bennett;3677;Gordon PLC;10782796;16;2021;Comedy
Object-based bottom-line hardware;John Lambert II;4733;Harrington, Huffman and Gomez;99340718;13;1976;Comedy
Diverse foreground pricing structure;Tyler Hall;6289;Tucker-Murray;53738960;17;1987;Comedy
